patient_id,item_id,rating,completed,nb_fois_realise
981,2,2.706363780743739,1,6
245,2,4.897599328636582,0,11
828,4,1.4311820867189007,0,5
975,0,1.8272194742198735,1,3
383,5,2.365250440126656,0,2
41,5,1.9142883079516406,1,4
284,1,3.5017679872240453,0,18
979,1,1.158202917345021,1,7
987,2,1.7097471370936637,0,4
922,4,2.1733889506344175,0,12
299,3,3.733383100317266,0,9
988,2,4.503459530324513,1,5
900,1,4.193967082212218,1,0
435,2,1.7283237330010195,0,10
368,4,3.2616230337642764,0,19
873,5,1.120090581378749,0,8
485,5,2.2421471014114447,1,15
948,5,4.223935179313306,0,14
435,5,2.826662854973358,0,4
805,3,1.5997652891033383,0,14
427,0,2.7542135259532508,1,0
180,3,1.7921317018489131,0,14
882,2,2.5727658314558512,0,3
897,1,2.9513338909913736,1,15
876,4,2.3982324500441137,0,6
693,2,4.747875801735443,1,7
339,0,3.250121190225528,1,1
490,4,4.371570695787587,1,11
494,4,4.042914188222321,1,1
972,4,3.644665237071106,1,13
729,2,2.987554993210329,0,18
162,0,1.00869513512635,0,19
557,2,3.4538704022083353,0,5
455,4,2.423829812009991,0,18
91,4,1.4710486672052752,0,16
104,1,2.7785050544483108,0,2
718,3,3.942213289133219,0,19
438,2,4.846711178794816,0,9
497,0,2.496419564488328,1,12
327,4,3.170893194819907,0,19
650,2,4.40497753345434,0,17
540,3,2.3359976798000592,1,18
508,2,1.5690289798832615,0,16
250,3,2.1275273249307562,1,7
964,2,4.596491319233552,0,17
190,1,1.637572433847351,0,6
46,2,2.3168842440271282,1,10
878,5,2.8585612420013624,0,2
250,1,4.38845289396368,1,1
774,3,4.750853134611899,1,18
884,4,2.7032412385330193,1,10
63,4,4.727816193414062,0,7
849,2,1.6458363794310182,1,10
319,0,1.6274091675854816,1,1
859,2,4.797003278539192,0,11
779,1,3.0387205341133248,1,8
523,1,1.7436313414158158,1,5
291,3,2.9519614823022473,0,11
28,2,4.132844621516206,0,17
650,3,4.307681462894095,0,4
436,0,4.455877026596969,1,16
965,4,3.278283612349674,1,15
596,4,4.467784057471521,0,11
585,2,3.0401208352130187,1,1
762,3,3.4282396095643093,1,15
735,3,4.034879209086581,0,0
46,0,2.701741170842034,0,19
416,3,1.294325948555099,0,1
592,5,2.4006654274307904,1,12
450,5,3.4957768671838414,0,15
632,1,1.7693294785579075,1,0
554,5,1.5935414539985602,0,18
657,5,2.1723221783657505,1,3
73,1,1.1284458491112854,0,19
52,5,3.973691592347679,1,2
232,5,2.034862408753355,1,1
806,1,1.496953586546398,1,11
874,2,3.796517663853741,1,12
199,1,4.3717120501731515,1,17
673,1,1.0795023834471138,1,4
548,5,1.9343990829648994,1,11
936,4,4.780929299478334,0,18
96,5,2.541016543731101,1,0
48,2,4.7543682535277245,1,8
895,1,2.0968501534827095,1,0
521,0,1.872270542287728,1,17
39,1,1.8564336469119835,1,2
913,2,1.340914641699753,0,5
152,3,4.585729154036502,0,3
105,5,4.9193400905316045,0,11
552,4,4.818035229086552,1,11
675,4,4.408112559309096,1,4
769,5,4.387551630603901,1,12
210,5,3.6443418686759506,0,11
201,2,4.304854847802455,0,3
432,1,1.833369457372191,0,5
706,0,2.551650521548514,1,18
564,1,3.5633451731789916,1,5
146,1,4.499085330246386,1,5
498,0,3.6418778494751347,1,10
281,4,4.356087833336824,0,13
309,1,2.89579806339719,0,2
754,3,3.869214950820177,0,7
50,3,4.919923225500346,0,3
494,2,1.613954228519031,0,15
408,2,4.70768276926356,1,17
625,0,3.089455791367611,0,6
272,0,3.572872122920232,1,10
457,2,4.5114760276420505,1,7
119,5,2.638616690209268,0,19
700,1,2.6747702995602025,0,5
45,5,3.1087273453884015,1,15
242,4,1.0764083379874023,1,4
310,3,2.986664723773403,1,5
561,0,2.1643490599769213,1,5
330,2,4.711816729567126,0,1
10,3,1.3509411950121253,1,6
907,5,2.8372818480792072,0,8
423,0,4.7898726815094435,0,14
47,0,4.60414100127391,0,13
376,1,3.8053937694982007,0,12
567,0,3.3574442079842988,1,4
7,4,2.1229237485313606,1,16
983,0,2.467828451009819,0,4
525,4,1.360539459016509,1,2
726,5,4.144433191032951,0,8
369,1,2.295479071615247,0,8
439,4,3.6711275961208294,1,3
756,5,2.4303791087944537,1,19
565,3,2.8573217655850507,1,10
483,0,3.22000988950558,1,16
272,2,4.207409633562414,0,13
940,2,1.8446255101627216,0,9
900,4,2.5950615473194256,0,4
130,1,1.5203262875672703,1,16
520,4,1.3030420196850372,1,15
723,5,3.4186974246751674,0,0
633,5,1.7563641774356107,1,9
113,4,1.2391973677043953,0,11
531,4,4.588391724825621,0,17
498,3,3.1372576791415834,0,0
338,5,1.5385128296119386,1,11
20,3,1.2137045097901988,1,19
719,4,1.4794402136546245,0,5
32,1,2.8853489612824563,1,7
132,0,3.673861020675591,1,13
919,5,3.5651202999441822,1,4
702,2,1.577692345057994,0,3
974,3,3.5339558073508353,1,15
25,5,2.6194624968703977,1,5
363,0,2.8589751371978602,1,2
600,3,4.205721624981269,0,3
91,5,2.3299974907185534,0,7
544,3,1.587996188653415,0,13
237,3,4.493812534265362,1,6
17,4,1.848522303465352,0,3
273,4,2.1761194822185708,1,18
933,3,3.8263602356104895,0,10
288,3,3.734201268230429,1,14
26,2,4.201600085135315,0,15
816,0,1.7354665657917643,0,5
433,0,2.409119573256813,1,11
910,1,1.5035329558250443,0,7
107,1,3.164156588674417,1,9
972,1,2.170282370154805,1,10
947,4,3.755742564034251,1,8
737,4,1.0013774719381643,1,16
323,2,1.238731993838317,1,13
866,4,2.7302412020773734,1,2
530,1,4.832736623902274,0,8
734,5,4.563405549436732,0,19
792,3,4.976036112247932,0,17
103,1,2.6673208994561795,0,16
843,2,1.1862739450950062,0,4
331,3,2.2238245680790496,0,19
361,4,3.703083408695806,1,5
920,3,1.540655239069661,1,2
288,5,2.199888715040004,1,15
443,2,1.2246646581794347,0,14
36,4,2.899868153560937,1,7
347,0,1.8356827107803517,1,8
891,1,1.3649921075960094,1,3
755,5,2.644863237929916,1,12
42,5,2.40490161749662,0,2
125,1,3.1500709477819693,1,6
8,2,3.9961546212545564,1,15
525,2,1.450274945706021,1,16
130,5,4.164502360840034,0,16
324,1,1.1051599195007205,0,18
183,3,2.772407609983391,1,19
281,0,3.349721147543528,1,16
894,0,4.827994692559191,0,1
52,2,3.2956921074785988,0,4
552,2,1.6349967730855544,1,15
849,3,3.0701672213756366,0,10
869,2,2.5831357887656647,0,5
532,0,2.9174222704009747,0,10
376,1,1.788388058636349,1,0
294,5,3.0033081692450874,0,18
207,0,1.6001590571635074,0,2
999,3,3.9761723227634795,1,7
662,1,3.3756250409023916,1,17
476,1,1.3141107663671332,1,12
969,5,4.55845787171592,0,0
953,0,3.4655184184625534,0,19
68,1,2.2644282205113258,1,16
842,1,1.1825695981092412,1,4
924,2,3.528906783086532,1,11
829,1,2.4937610453933474,1,10
436,3,4.63047241951395,1,17
300,1,1.1395113308566982,0,7
26,2,1.1564097413689733,0,12
627,4,4.797197147627742,1,1
929,4,4.8594957827180245,0,15
653,3,1.1109689070905544,1,11
552,5,3.86413293976531,0,7
105,5,1.885979409315362,0,3
585,3,3.80557106514429,1,13
571,1,4.474931186631935,1,8
809,1,1.4033259154491016,1,10
633,4,1.955065667048168,1,15
946,4,1.0963106733059793,0,5
714,0,1.1753193817777632,0,11
10,4,1.1184714328710967,1,18
930,4,4.202729425705658,0,15
658,3,2.1931707137231067,1,12
215,0,2.9728457582879564,1,3
885,5,4.151377054388066,1,11
320,0,2.9797746508268723,1,3
459,1,2.7167842504983843,1,16
956,1,1.0462928259578352,0,13
814,0,3.2721580101470247,0,16
525,0,1.4989723125483456,0,0
578,1,4.058592963164105,1,19
691,3,2.0309508952600783,1,0
876,3,3.6967496432346203,0,1
753,3,3.5848941112987176,0,16
159,3,3.4667024117200804,1,0
463,1,2.0678080301487705,0,11
997,2,2.0683591087022726,1,12
521,4,4.45219217376532,1,13
635,4,1.051229330521708,1,9
272,4,1.7260905338158317,0,11
240,4,3.4406836705679402,1,17
935,1,4.268185017612679,1,6
963,2,2.4333820346914345,0,18
958,1,3.6137738344432004,1,14
654,2,3.2286256784809453,1,6
864,1,1.2581604179281416,0,13
166,0,3.4870007877227125,0,8
568,2,4.2556138890899735,1,4
649,4,4.969793281197637,0,0
326,2,1.1185602906068914,0,15
864,5,3.640232690335472,1,4
528,3,2.6581982125918486,1,7
843,2,1.0391515548248211,1,18
272,5,3.4574437748340454,1,19
878,3,1.489709194222542,1,11
375,5,2.5142674007565464,1,7
911,3,2.045468369953609,0,7
374,0,2.4446536090843973,1,5
333,2,2.9707823260037984,0,19
2,5,2.436838129958058,0,8
242,0,3.210927482358157,1,1
619,4,1.954598760931415,0,17
50,2,3.5414470697135263,1,0
881,1,4.415052016499414,0,10
349,1,1.8962681876608496,0,14
173,1,3.03150886342249,0,11
115,5,3.5947591381995547,0,2
694,5,3.2585045248536644,0,18
360,3,2.462597784768904,0,19
354,1,3.5687988320229933,1,18
665,4,1.112984824840305,0,9
758,5,2.479624927985732,1,15
75,2,3.1304488585640127,1,5
926,5,1.0824526353434587,0,8
755,2,3.0305953187371992,0,7
80,5,3.6170178430625133,0,15
228,3,4.03683079085218,1,7
71,3,1.4534963256377216,0,17
402,3,4.9622594995667795,1,4
217,4,3.4246708053403823,0,19
451,5,2.45277517044932,0,11
910,2,1.9963714178268552,1,5
754,5,3.2915874467336583,0,1
366,0,4.526846588666283,1,3
825,3,3.082261584565459,0,15
589,1,3.645888222419841,0,13
669,0,2.4307857581622407,0,16
559,0,2.5526091523558905,0,18
311,3,2.144700423087568,0,3
297,1,3.822549177472959,1,17
23,3,2.43675021366626,1,11
109,3,1.762865616164957,1,1
51,1,2.4776022846649517,1,5
938,0,4.415308831331025,1,5
289,0,3.9530081743076937,0,2
443,5,2.3385633778542556,0,7
466,1,4.6272358593468095,0,11
258,0,1.2993305404698678,0,2
323,4,1.199015165654573,0,1
650,3,1.509881419140965,1,0
908,4,1.4658190234344124,1,17
817,4,1.351337260049362,1,17
337,5,3.6453704479919695,1,7
786,5,3.4033695186216955,1,13
555,5,3.5904220423268587,0,12
928,4,3.75346421664812,0,14
421,2,4.027519009922719,0,14
258,2,1.8287077099456415,0,12
624,4,3.4892140529391993,1,3
738,3,3.320194637345493,1,3
64,4,4.774640103213895,0,4
162,4,1.9294708969585943,0,2
163,5,1.2348917374973256,0,11
677,5,3.6139802788581727,0,19
38,5,3.9606913609468473,0,11
664,2,2.1327840232302027,0,19
319,4,3.283393723758676,1,6
359,3,1.2381442621366023,1,6
268,3,4.840179364673157,1,0
323,5,1.4396998931966745,1,11
325,5,1.2702821446079828,0,2
586,4,1.1764406379784762,0,14
256,3,2.7090876260134107,0,8
199,4,1.3886389738287601,0,19
437,2,3.978592963822301,1,8
609,4,4.595496642505623,0,13
103,5,2.040875729299428,0,2
371,0,3.5150924770055956,1,7
904,2,1.169353788047271,0,5
163,3,2.5462578867711816,1,11
112,3,2.1717684537109134,0,1
614,5,1.9144763857614353,1,2
548,5,3.5788939585147963,1,13
105,2,1.5209117854341452,0,16
698,5,4.442842093187954,0,2
363,0,3.6593436254749387,1,3
20,2,3.842940714752232,0,14
659,5,4.741377234630672,1,6
997,1,4.769491486010059,0,18
128,0,3.206609295276943,1,13
482,2,2.981519269143922,0,15
698,1,2.3415264329076404,1,12
795,4,3.862286440809873,1,19
198,0,3.152835547919252,0,16
746,4,4.7315003189604985,0,16
951,1,1.9545037948504214,1,9
619,3,2.241010745001963,1,6
520,3,2.264361789679875,1,19
960,5,4.223993818226829,0,16
419,3,1.3961613273686093,1,11
225,4,2.822596483955919,1,10
929,0,2.7103229478921893,0,9
208,4,1.2925584840550344,1,7
244,4,2.6431879941773886,0,14
287,3,3.0535119331359253,1,17
65,4,1.260418770019653,0,12
867,1,3.0394485137786695,0,15
152,2,4.836951618733604,0,12
490,2,4.915657292646129,0,3
434,2,3.1267191143592448,0,10
702,5,3.060387730411836,0,18
217,3,2.1420326656655657,1,7
428,3,4.988461886848406,0,9
501,2,2.096916684100904,1,11
665,0,2.8116052017598254,0,19
788,5,1.011736231210706,0,10
593,2,2.3969291636365475,1,19
220,4,1.2857612024352956,0,3
434,2,3.975299081540529,1,18
279,2,3.244057812119729,1,19
622,0,3.288687509150626,1,9
91,3,2.146045143598812,0,14
523,3,4.259585161011895,1,12
138,4,1.0130837013250007,1,12
666,2,2.3344047166567683,1,17
22,1,3.637989961835471,0,6
416,4,4.631690149667683,0,13
975,3,1.9384638277009323,0,4
731,0,3.164400206909672,0,8
347,3,3.151965682133284,0,16
236,3,4.496697476174799,1,4
764,0,1.2020675582393694,1,15
933,2,2.697902244282829,1,8
182,2,1.7298626991677262,1,16
507,3,1.0861304011943922,0,17
197,4,1.5881237620819313,0,2
681,1,4.905882691392796,0,4
122,4,1.8593940380810716,0,16
924,5,4.7401230933432,1,19
545,4,1.8210173705237667,1,3
380,3,4.725180909537938,1,3
824,3,3.6184837408012576,0,6
514,1,1.452874310007707,1,7
5,1,3.327660620506311,1,1
303,1,2.2740561501611145,0,9
613,3,2.532612623912281,0,4
191,3,2.7606838313398923,1,16
375,4,2.690828090121338,0,6
524,3,3.6564355619321156,1,1
35,5,4.073472274363052,1,5
974,2,2.3167107568044853,1,9
69,2,4.697455846742759,1,8
288,1,4.753865256075506,1,4
104,3,1.1627617486045736,0,2
715,5,1.059635155532074,0,10
312,2,2.700265320604244,0,9
54,4,3.362581003950634,1,15
106,0,2.1116189898082465,1,19
652,4,2.0376550043430974,0,18
736,0,3.7133353188367626,0,0
306,5,3.406817138622279,0,10
859,4,1.6685874999724386,1,14
820,2,4.538003853060635,0,6
35,3,3.7199042806442795,0,7
132,0,2.4503049966760333,1,15
886,3,3.7344987599646,0,17
24,5,1.4506123470712637,0,10
848,3,2.8730244982962243,1,0
36,2,1.6759376382382372,1,15
18,5,1.1657249845137465,0,3
34,1,2.353305081153199,1,5
362,1,1.602941933923133,0,10
417,0,3.534071827815299,0,5
821,2,3.696271576070841,0,9
429,3,1.5947692249064134,0,5
517,4,1.098452022413705,1,9
466,4,4.171242246540642,1,4
896,5,1.0082280829142491,1,8
198,0,2.375652356735155,0,6
545,0,2.9783331921826792,0,16
567,0,4.274568754153732,0,11
767,2,4.354234570984563,1,10
210,4,3.899757762441822,0,5
608,5,1.9887904901595914,0,10
793,2,3.880747737276683,0,10
500,5,1.9861567915077667,1,13
240,2,1.8584327669268066,0,15
169,3,3.1885118169221296,0,1
858,2,3.7154177753362503,1,1
293,2,1.2122070636467224,1,4
921,3,1.2400904044984338,0,13
738,1,4.136682747267159,0,9
314,3,4.437989003861919,1,9
126,0,3.417763665367576,1,17
467,1,2.715312038827544,1,19
791,4,4.3812659183967435,0,8
366,5,3.9152681311013207,1,3
20,2,3.3183767937250743,0,16
315,1,2.2790284877950535,1,1
757,4,1.791980246627265,0,13
89,3,2.6746921570860627,0,0
403,3,2.147290303840846,1,6
517,0,2.3570343509378437,1,3
450,0,3.06252422124813,0,8
777,1,1.6763758278064391,1,2
907,5,4.224706720295302,0,4
608,2,1.5821178468590698,0,9
149,3,2.9239745576838096,1,9
445,1,3.9838853523217463,0,3
956,1,2.940082830758385,1,16
79,5,2.444088254354555,0,16
16,1,2.899565223291004,0,18
137,0,4.394682795496562,1,5
651,5,4.96172679313583,0,0
850,3,3.524573157157742,0,13
507,0,4.173776170594802,0,12
551,0,1.0579547446371547,1,2
918,5,4.5214576380982905,1,1
679,5,4.816199039711673,0,6
73,1,3.300677367030282,0,11
73,4,4.015219448240879,0,1
49,4,3.0509789718402995,1,10
9,4,2.144814961822359,0,15
102,1,4.408991887932052,0,4
861,2,3.387346847983767,1,16
387,3,3.317532335165628,1,2
384,1,3.6365288153648256,0,13
298,1,4.424012663315393,1,15
338,0,3.9276245030838575,0,16
388,4,1.844496776862981,1,18
989,5,2.867294177629278,1,3
473,1,4.921193327944825,1,19
615,2,3.2182428550510984,1,19
801,3,4.7529814138831945,0,8
961,2,4.253477945252223,0,10
791,1,3.6640937672350353,1,4
141,1,2.397460810639021,0,10
808,0,2.217277390101756,0,12
169,2,3.5736842611903517,0,1
12,0,2.730244963385643,1,1
668,5,4.1950144912669085,1,9
448,2,4.041826958160783,0,12
173,4,2.248521946954057,0,4
673,5,3.810915132247048,0,10
958,4,2.978200760388736,0,14
131,2,2.2931684032559883,1,4
539,0,2.65186637105856,0,19
594,4,4.581407468849047,0,4
896,1,2.438070768490162,0,6
931,3,2.149597093277832,0,9
874,0,2.4072288828405513,0,1
268,5,1.8584737448347668,1,0
250,5,3.1785399495853146,1,19
369,2,1.589745745290129,1,0
617,5,4.269775145747666,1,3
772,3,1.9023209889825043,1,14
864,3,3.3922201101585827,0,14
525,1,1.5001019956795743,1,5
591,5,4.913812592857305,1,5
887,0,2.8183018355745886,1,0
505,3,4.288685363035258,0,6
671,0,4.074591342599935,0,4
177,1,3.8547721885827153,0,16
666,2,4.309459484818439,0,6
546,3,1.4018544346388233,1,3
258,3,3.7139887898878485,1,2
259,3,2.0633089410951246,1,11
134,5,4.14348665626636,0,14
460,0,4.827475039391555,1,19
488,3,4.605958119370783,1,8
642,0,1.4598088898946644,0,11
80,5,2.478209682691284,0,4
366,4,2.457291028790399,1,7
58,4,1.4891850654381225,1,14
73,0,1.3925042133873098,1,6
238,5,2.5395605398767267,1,18
128,4,4.968286201986045,1,12
411,1,3.2757706042651007,1,0
314,1,3.487126514417025,0,10
373,4,2.8840756400747294,0,12
436,2,3.6493222092160913,1,1
137,0,4.826648322979079,0,18
454,4,3.3547918144575672,1,10
614,0,1.260153838884773,1,0
898,5,2.9715622766727945,0,0
902,4,4.971005093007805,0,7
8,1,2.549610882377053,1,12
231,5,3.3755249488578887,0,7
610,2,1.426547053715268,1,1
729,0,1.5647219949462676,0,7
964,2,4.4987258126158505,1,13
396,1,2.201378513006446,0,1
748,3,2.221805093418372,1,12
733,3,2.5488519840093127,0,4
679,0,4.86591469161809,0,0
881,5,1.3375619841475057,0,8
573,1,4.275056410205339,1,19
317,0,2.366231505863946,0,9
998,5,4.3978721039419,0,10
506,0,4.96702259801817,1,17
521,0,2.3946696408469914,1,16
745,2,1.517425464849421,0,5
86,4,1.577501991931713,0,10
778,1,4.034963563796744,0,3
715,2,1.5796862093525461,0,0
317,5,2.0416862741385464,1,0
332,4,1.817593374648319,0,17
359,0,2.42271425612393,1,4
240,3,1.29746630059875,1,15
55,2,4.426969929629032,0,1
109,1,4.440585247203974,1,8
48,1,2.651731593930759,0,1
754,4,3.448350276093901,1,4
15,2,3.5678062836172186,1,19
72,0,3.997032461383715,1,16
883,4,3.0827603501762044,0,18
201,5,3.041344181766744,1,9
92,1,3.5252151093128434,1,7
648,5,3.81219358267951,1,19
32,2,2.386761508117007,1,10
599,3,2.3214818930752603,1,12
418,5,2.0788736163836368,1,12
202,0,3.195386221250994,0,8
550,1,2.4406227582230895,1,4
625,2,3.1612530708305275,1,17
844,3,2.6239390633076862,0,7
758,1,4.346936730210643,1,19
854,3,1.292520958981843,1,13
920,1,3.2888423744186985,0,1
881,4,3.302495002348791,0,15
719,4,2.5348692421547994,1,0
311,4,2.6840835782525727,1,12
943,2,4.200525443531714,1,17
468,4,2.1226948410413393,1,0
393,2,4.485615165704651,0,6
808,0,4.585373216538773,1,3
871,4,3.602477217608784,0,9
210,2,4.091430854832394,1,7
866,1,3.4517901134179536,0,2
570,2,3.1010364549863665,1,6
155,5,4.8667110170009185,0,15
633,2,2.1306198569098567,0,19
631,5,1.6166037865724485,0,9
808,1,2.149941452570061,0,12
321,2,3.4585024335177805,0,0
434,1,1.7407337524045747,1,6
573,5,4.635256172905256,1,9
669,3,2.644097602661571,1,11
39,4,4.399851513167374,0,13
753,5,1.9969461781152669,0,10
39,0,2.25267342033099,1,16
452,2,1.2368935886899863,0,8
869,1,2.0310707687422958,0,7
189,4,2.9612552758532056,0,9
745,2,4.7845476708929695,0,3
14,4,2.5556118955659928,1,4
123,3,3.5589755179333835,1,17
739,2,2.710840469875152,1,5
898,1,1.187167403071765,0,9
279,3,3.0141305035868107,1,17
936,2,1.2636545868156834,0,10
958,4,4.5347996983901435,1,4
47,3,4.012147847803655,1,2
188,1,2.514605885009465,0,17
303,2,3.560874664765159,1,3
558,4,1.4481126212533284,0,7
695,4,3.8102199478506034,1,16
104,5,4.2909296359658775,1,9
368,3,4.2869825941529385,1,18
500,2,2.1371101907626233,1,0
459,5,2.0549847811073065,1,1
246,4,3.085590751610714,1,10
263,3,4.871088647719393,0,14
205,0,4.682091910424341,1,0
506,4,2.438553927023927,1,8
529,3,4.119318024732177,0,7
363,0,4.6852710563658295,0,0
762,3,2.04370586287042,1,9
749,4,4.32118259841176,1,16
339,0,2.0715825076367063,0,17
406,3,2.3731285035488425,1,15
452,2,1.7952827634030166,1,1
832,0,3.028319196290854,1,16
876,3,4.373243577044965,0,3
813,2,3.112208549742049,1,6
577,0,1.4937600387723902,0,8
847,3,2.00710372890868,1,2
964,4,3.2514474691253556,0,19
149,0,3.3327498222822407,0,4
192,0,3.3076236141794793,1,17
907,2,1.3080139700248639,0,16
146,5,4.0147835705390165,0,6
405,5,4.637712795956027,1,13
182,3,3.0420757909195997,0,14
105,4,3.8753171470874515,0,13
235,2,4.656061968146204,0,8
637,0,3.5704910197920636,0,15
957,5,3.6973028977242044,1,18
178,2,3.8856176535358182,1,0
431,2,2.0420098058162606,1,7
400,2,3.3307114988673097,0,17
524,0,4.368700458177825,1,1
742,1,2.1846509210430027,0,3
539,2,4.588681998387441,1,0
890,1,3.481527799062528,0,18
322,5,2.692699405732225,1,10
260,4,3.492731845601172,0,5
611,5,2.6074396227563055,0,18
699,4,4.352142407392698,0,13
398,4,2.9292743202703884,0,18
336,5,4.604853439017347,1,12
299,3,3.039232323391306,0,11
118,0,3.641473558549549,0,9
557,1,4.990977684027403,0,18
412,3,1.5878633640341646,1,10
579,1,3.9469165949336227,1,11
383,0,1.5554889116637343,1,6
479,2,4.355465463057585,0,7
304,5,3.3858135246480465,0,16
682,3,4.752638242425837,1,2
869,0,4.463826407779473,0,5
195,5,1.2994881498752937,1,11
332,3,1.5492101667154436,0,14
19,4,3.404683714427301,0,6
622,3,3.0732585597682993,1,5
657,2,1.6742605224537783,0,11
703,2,1.5174369130865992,0,11
432,1,3.2559631337664525,0,3
882,3,1.195686191899998,1,8
425,4,4.494941211813757,0,16
228,2,4.228331679210482,0,1
523,1,4.141479886844357,0,4
216,4,1.0639885881629643,0,9
989,4,1.1905637736509518,1,5
590,4,3.1993564846029146,1,5
374,0,4.977702755576711,1,4
35,2,2.369264803885407,0,7
775,0,2.377499265621376,1,2
27,0,1.5371118674479334,1,13
371,2,3.6973432149580057,0,4
85,3,3.5867067559760226,0,14
187,5,1.4052896655166363,0,8
304,1,2.8696491482734046,1,14
765,5,3.668299635287897,0,18
421,5,2.974064545287708,1,15
79,5,3.697454327459022,0,7
185,5,4.265081589725959,1,14
4,2,3.7432617324870705,0,10
557,5,3.4644569433220953,0,3
865,1,4.414361027777973,1,9
496,3,4.602354271479152,0,9
508,2,2.5555457487032167,1,1
613,5,1.6929995508955438,0,7
970,4,4.271441616032202,1,7
1,2,1.8550124291979326,1,8
216,3,4.715802678996343,0,1
536,5,1.0915117808876138,0,13
256,0,4.6850847304772145,0,19
734,2,3.356731970448251,1,1
452,4,4.0989684660515255,1,3
423,2,2.593970348257618,1,2
323,0,4.96686516763552,1,13
498,2,1.9102057102651617,1,15
580,4,2.057374650552699,1,14
196,3,1.2057297761498917,1,6
503,4,4.761893452245753,0,17
271,3,2.8241172143947044,1,19
693,4,3.699409658877397,0,5
958,1,3.7497629098513627,1,15
17,2,4.4980083691307104,1,10
106,2,3.659701002585637,1,1
528,0,3.2480847292167487,0,1
124,1,3.8412740967641743,1,13
482,0,4.003883196012506,1,8
593,2,1.7437117849939279,1,11
3,0,1.438668155907012,0,2
626,3,1.2993954019422524,0,4
350,1,2.4962139780901467,1,8
350,4,2.992000959350981,1,2
648,3,3.4625995931594433,1,17
798,5,4.83213807875844,0,1
900,4,2.323151280828025,1,3
227,0,4.043496208309097,1,12
15,2,3.1254304783795397,1,16
809,3,1.8803597283476674,0,8
424,1,3.4612217165150363,1,18
463,4,4.868704713158815,1,13
723,5,1.4972331970050896,0,12
245,3,3.029119058196916,1,4
797,2,1.206433416602113,1,17
793,1,2.284865195585449,1,14
176,1,3.482410710375965,0,10
542,4,4.364227744123019,0,18
508,3,3.921313686904284,1,4
561,3,2.8514271128618955,0,6
654,1,4.636891028416587,1,1
563,0,2.2108586600950826,1,18
232,1,4.015933640900665,0,15
677,2,2.89603608699065,0,2
37,3,4.594543018691103,0,9
490,4,4.189731286615041,1,11
443,3,4.605878645228381,1,1
19,1,1.8569913957682935,1,7
610,2,3.672601728464832,1,8
726,0,3.95385363232656,0,19
555,3,3.9696570611303748,1,11
110,1,3.01600180186935,0,4
486,5,1.0450020893918102,1,12
88,1,2.0457231354762997,1,4
318,1,2.2932035000175244,0,14
117,2,4.408146469127046,0,4
433,1,4.363543268416882,1,4
917,1,1.418720416151133,0,3
238,1,4.79934352708503,1,15
71,3,1.729829946605964,1,17
821,1,2.6574378052036844,1,9
904,2,1.8606278644430216,1,19
398,5,4.44132987531743,0,2
815,3,3.9976081274372475,0,9
403,5,2.414115227551216,0,12
674,1,3.7275145041042217,0,2
250,0,1.7374675366861694,1,3
868,5,2.5291883695040065,1,12
194,2,2.508430353352433,0,13
571,0,1.9517467268855913,0,3
609,2,4.505248198331531,0,11
929,0,3.7153829419165048,1,15
867,1,2.119757242255197,0,9
866,0,1.9684830425161493,1,19
584,5,1.0718138839969562,0,16
221,0,2.3863290151694185,0,6
630,2,3.107085133261273,1,3
181,1,2.1108437676335057,1,11
895,2,3.80183310571908,0,9
729,1,2.646998116045065,0,1
255,5,2.2652713480426714,1,13
907,4,4.756230635161325,1,7
87,3,2.0512035091525562,1,9
872,5,2.5930304803866253,1,5
786,5,2.5291631540830877,1,1
491,3,1.9647933826849933,0,13
335,2,1.8699069592416668,1,10
537,5,2.2095200752536144,0,1
406,1,4.456944679724724,1,3
632,0,4.068331548917162,1,5
288,5,3.723998056640209,0,3
361,3,2.8284119705699737,0,4
440,5,3.031015938530414,1,5
29,2,2.0685553819738414,1,8
918,2,1.2972636553436705,1,15
713,2,2.324162226881929,0,10
893,1,2.9823350239694646,0,10
547,5,1.2292521860773298,1,9
636,2,1.3529332082284258,0,0
222,4,2.052100931538269,1,16
746,0,2.4683214943710463,0,7
123,2,2.573267244474821,1,15
981,1,1.4715442651520205,1,5
682,0,1.9032854181391552,1,13
997,0,2.046589008254435,0,1
961,3,1.2705395048049848,1,8
692,2,2.304398802358789,1,3
214,2,1.288886291022029,0,18
117,5,3.8138313724386803,0,16
226,1,2.5441910662292417,1,0
890,4,2.307009557513499,1,1
443,5,1.5060886860144276,1,16
548,4,1.9060146217795833,1,1
828,3,1.9308208357564944,0,2
607,4,4.9408168594932125,1,3
631,1,4.341397518033974,0,12
436,3,1.0610491665337265,1,11
11,2,3.467346363073919,1,4
121,4,2.023640385687695,1,13
546,1,1.417507715278337,0,5
488,1,3.822399052479019,0,0
250,2,1.526422197873397,0,15
578,1,2.7749631181189427,1,5
481,3,3.528660659359697,0,12
549,3,3.2179790246199547,1,12
279,5,4.910516393210972,1,10
741,0,4.14297045249009,1,15
336,2,4.096773504509959,1,13
167,1,2.422381576324125,1,10
960,4,1.0335819683365668,1,4
952,5,3.9376437186827533,1,9
327,3,4.99892833718269,1,14
245,2,2.6235164309744623,0,6
590,2,4.942073995828469,1,2
625,3,1.5668324381373857,0,10
300,0,2.1860494065468696,1,8
728,2,1.6829077269698827,1,9
199,1,2.900703891707263,1,3
892,4,4.187925606028882,1,19
499,4,2.3626467661518156,0,17
863,3,4.624915748607486,0,13
753,2,3.1793216533191404,0,8
12,4,2.861697654967509,0,19
365,2,4.148143368781105,0,15
718,3,1.4057739881671383,0,1
773,0,4.095009884842699,1,6
96,4,1.9718080006913068,1,4
70,1,2.1232501887329502,0,16
992,5,3.3978150932803195,0,10
814,3,4.6077377001848205,0,3
860,5,3.3136277990834593,1,16
741,0,3.595797395177948,1,4
356,1,4.106378358421097,1,3
811,5,2.037299035969947,1,9
543,1,4.30893469121657,1,2
249,4,2.671840596268599,0,5
253,2,1.70262277396465,1,7
770,3,2.4004723178444998,0,4
181,1,1.9845244468729013,1,7
851,4,1.9148544205425835,0,9
973,0,2.1302527948766645,1,18
987,1,1.723723258968358,1,3
165,0,3.6708070283305716,1,5
3,3,3.3199670281404687,1,2
462,4,3.593767571933714,1,3
144,0,2.3748988953126418,0,3
164,2,4.078933610296177,1,4
343,5,1.518434963816659,1,14
997,0,3.2845468378454408,1,15
873,0,2.1018118889858957,1,5
104,4,3.1104396027904455,1,17
547,4,2.2945487009609566,1,11
313,1,4.162047060365181,1,19
168,5,4.565087355352379,1,6
519,0,3.970324893486525,1,11
962,0,1.7023348513969871,0,13
925,4,2.0994675935534493,0,12
597,2,4.677432262073664,1,10
435,4,2.748880510632805,1,10
608,2,4.764721637397067,1,1
511,5,2.569806755449067,1,13
408,4,4.807098642362655,1,14
435,5,4.702955950933324,0,0
314,3,3.642107559946465,1,11
541,0,1.0353081938460114,0,13
612,5,2.6013387279037476,1,17
578,2,4.644940518782383,1,2
899,3,4.540441156432459,1,11
860,2,1.7495512003844547,1,4
952,1,2.5967299838764104,0,2
62,1,4.342039711517886,0,6
31,0,3.3115114130002175,0,15
598,3,4.3891969337848025,0,19
210,3,4.306269537794252,0,16
462,1,4.629928027809932,1,7
562,0,1.4688823527783268,1,14
574,5,1.5808605658140626,0,19
79,1,1.33123611587621,1,14
342,3,4.741075364381727,1,7
231,2,2.9006495375115726,1,10
877,3,1.2573011339297926,0,9
612,0,2.286119610056165,0,17
128,3,2.4056505645198674,0,8
18,4,4.238239293907029,0,15
356,3,3.9419075686836917,1,0
418,4,3.757548198250276,1,5
958,1,1.087454210365515,1,1
605,5,4.642783185705515,1,12
80,4,1.8622210676629662,1,5
614,3,3.516245618770711,1,8
880,5,1.2472761720456766,0,13
665,5,1.326104367488218,1,6
780,3,1.0383091845204886,1,4
117,3,3.2637105781813225,1,6
853,0,3.517518678467619,1,2
493,1,1.201849212932915,1,12
790,4,2.1619395390561555,0,11
491,2,4.405817656712067,1,5
874,4,1.4052334672916564,1,1
224,3,1.866188658213325,0,14
986,2,2.6975648338897082,0,14
418,2,4.369096410532464,1,17
779,4,2.019396217900817,1,16
136,4,4.988548061453368,0,2
225,4,2.4210472525541133,1,2
333,4,2.5457946339344923,0,8
228,1,1.4884248169231773,0,9
322,0,3.720791603426123,0,11
107,0,1.9738607311379264,1,0
811,4,3.5154703811801853,0,3
444,0,1.8926309136117063,0,4
916,4,2.551489068905872,1,16
6,4,4.42668836781767,0,4
127,4,3.95562364589628,0,3
352,5,1.6183635997748937,1,14
994,1,3.4308326694964055,1,9
266,3,3.5145626066952373,1,4
684,0,1.3622738940074441,1,13
927,0,2.863222617343743,1,12
213,1,2.0426735826704316,1,18
246,1,2.868520571053932,1,7
617,4,4.1082839652915,1,11
594,4,1.6330382392412788,1,19
803,5,1.4932168223521751,1,18
373,5,2.0772659804230917,1,18
420,3,4.809101801386333,1,5
714,0,3.9912968447398653,1,7
40,1,1.0778234512581863,1,9
716,3,2.6040193699335066,0,16
347,0,2.029591916321541,1,0
560,3,3.5525782734886957,1,18
142,3,2.8371698141367725,0,11
140,4,4.857994099455763,0,1
564,3,1.8759138039369527,0,16
106,4,3.3514256639957627,1,6
32,0,3.8008400599608905,0,13
199,5,4.302257957381526,1,13
118,0,2.6278841217120283,1,11
799,4,3.747687630629926,0,15
228,5,2.212805885537131,0,17
629,2,2.741904369447281,0,7
687,5,4.582508524813597,1,1
963,3,4.799630437323817,0,10
184,0,3.875269387709059,0,0
829,3,2.49740756310474,0,9
849,5,4.280231159898657,0,17
214,2,1.1034683269016807,0,15
732,3,1.4109836421576842,0,1
129,2,3.6454949455014445,0,16
844,1,2.1649943010802297,0,15
271,2,4.805544873601911,1,18
757,0,2.744242448369219,0,4
634,5,2.717459281556708,1,5
7,4,3.712318040763725,0,16
402,4,4.070274249224759,1,15
927,3,2.902234952500546,1,15
578,5,1.8560036068468966,1,6
626,1,4.093234570902487,0,15
368,3,2.2814050994945103,1,8
799,2,1.7004430771754304,1,5
616,4,3.526560759700053,0,15
980,2,1.3618146679614016,0,8
536,4,4.88541070034422,1,3
52,4,3.529589057648548,0,5
246,4,4.943582083687023,0,13
336,5,2.355573693914544,0,2
280,0,4.884820644761591,1,16
32,5,1.5822489909144943,1,10
798,2,1.1627790893881138,0,7
547,5,1.1319362418184102,1,7
342,3,2.8594814823969084,0,3
890,1,1.332016789914379,0,14
238,3,3.048671536670407,0,15
491,5,2.310002014035602,0,10
728,2,2.3425159698964624,0,6
176,1,3.542435986180679,1,17
43,3,1.6523920246064807,0,5
303,1,4.066213481358924,1,3
669,2,3.328123679114539,0,4
268,4,4.659778515390044,0,2
682,2,2.4593626150700936,1,5
732,0,4.930859968268502,1,13
399,1,3.303310586856093,1,0
741,2,4.893607824750135,1,19
602,4,1.1082426161884613,0,13
921,4,3.911905289649552,0,5
970,2,4.2664860971709455,1,2
430,3,1.2126931467059503,1,16
420,2,3.315878656064983,1,13
130,4,4.207769174357793,1,18
409,2,3.244154900892291,1,6
737,0,1.2552543616218665,1,10
224,3,3.773788963593246,1,6
142,2,1.2423876586932345,1,12
577,4,4.269875580065754,0,13
539,2,1.1721367332267776,0,10
124,2,1.5495895240414832,1,7
211,1,2.100430362093074,0,11
933,2,3.5334591690432,1,14
427,0,4.905436398525223,0,9
436,4,1.4712914104797377,1,1
591,5,1.5708306768556737,0,12
237,1,2.4754815868039213,1,9
643,5,4.344876551021281,0,16
327,2,2.8689238110032567,0,9
811,3,2.2864424010232867,1,5
118,0,3.244815328835445,0,19
45,0,2.042092789783,0,0
83,0,2.6046396289900837,0,16
793,1,2.3304205969281675,0,0
351,2,4.216564089658584,1,4
12,0,4.697022905752004,1,14
636,2,4.038288768627647,1,0
836,3,2.756334304119934,0,16
171,2,3.017339909986655,1,13
233,5,1.5002947757177427,0,12
180,2,3.987458844538151,0,10
50,2,3.3859027175801764,0,11
780,4,4.609759984549745,1,5
680,5,1.8024445743006128,1,10
394,1,4.0389044877304485,0,1
932,2,3.738686646876759,0,17
827,0,2.0633821352390087,1,11
799,4,3.6695145581633004,0,14
428,2,4.697493522306598,0,8
273,4,4.6737439506684755,1,7
860,1,3.8785062980645653,1,17
206,4,1.1922924501362404,0,15
147,0,4.489057349280646,1,9
299,2,3.6311144280181598,0,11
931,0,2.2417370127309377,0,19
452,3,1.7490014468227972,1,11
999,4,1.4648154519892684,0,9
548,4,1.200947597031044,1,13
672,4,4.016412991803026,1,3
977,5,1.9433719957731013,1,14
382,1,1.0970117441730203,0,19
786,5,2.589082607367957,1,8
946,0,2.9304283223693557,0,6
799,3,1.6769209236005076,0,6
617,1,1.176193344650199,1,19
533,1,1.7565019323922755,0,8
232,2,3.7164110473462975,1,9
633,3,1.3289747090048256,1,19
128,4,3.2201481222279753,1,12
821,5,1.5856479516326667,0,5
728,4,1.7827566943216775,1,3
659,2,2.5723115330667947,1,16
569,5,1.4033013442149254,1,13
930,4,1.6928140111288514,0,2
236,0,2.3958096458054166,0,0
581,4,2.3186760219934675,1,17
965,5,3.9970859427029275,1,1
700,0,1.2991292205056975,1,7
753,2,4.441802942665374,0,15
574,2,4.2649286829578195,0,3
484,0,4.063966558767754,0,18
240,5,2.23748944985253,1,19
956,5,4.29152714216315,0,9
696,4,1.7312083211571232,1,16
770,2,1.497636823420113,0,16
740,2,1.1798253339579494,1,6
222,0,4.757241452022304,0,8
98,2,2.2320435908210947,0,6
758,4,4.670471520711624,0,2
556,2,2.090454246077319,0,11
910,0,4.630263837345398,1,3
272,4,4.615716211384353,1,16
398,3,4.6947041800428515,1,2
516,0,2.984613757136775,0,10
981,3,4.463785147195567,1,7
429,2,4.803063584669281,0,1
522,4,2.298467767588718,0,13
959,2,2.6754976227302203,0,3
347,4,3.876960749342976,1,15
909,1,2.2014392868932036,0,13
550,2,4.015237235650636,0,6
450,2,1.2955685808541357,0,9
950,2,3.093993537154169,0,11
41,5,1.4892539363349808,1,7
714,0,2.173293905746706,1,10
93,5,2.034501569945888,1,19
485,4,4.355728294250664,1,12
516,4,1.7740690216247899,1,11
563,4,4.233791680636475,0,6
149,0,4.175841383631688,1,11
716,4,2.9955322222289196,1,9
811,5,1.9353730223845185,1,6
498,5,1.9075853598248909,1,18
370,2,2.859698588463391,1,6
980,3,1.0352360295740652,0,17
698,1,3.1254030184454646,1,11
484,4,4.811118103068221,0,3
664,0,1.618827527450386,1,0
382,0,3.2933824859024137,0,4
627,4,4.847114754577827,0,9
660,3,4.4420885579664,1,6
731,5,4.401520465525361,1,19
191,4,4.287399721584756,1,6
744,0,2.2360944242247425,0,12
835,1,4.562467325067249,0,13
220,3,4.765361404932684,1,4
46,4,2.9831696931961575,0,1
126,1,2.418284189037835,1,13
802,4,2.6569160624234245,0,7
726,3,2.3368257673250623,1,19
6,0,1.8496737680981603,0,1
695,5,3.4737938810115576,1,7
115,5,3.2503875449812916,0,19
563,3,2.8503402841571024,0,4
365,2,1.3833815467393271,1,11
45,5,4.187571858823999,0,6
392,4,1.6997342510031568,0,12
953,1,1.4582481735841926,1,14
22,1,3.4922855819317897,1,9
130,5,2.5945774449508927,1,3
126,3,1.2392339014093179,0,15
444,3,2.422273419844233,0,6
776,3,4.087121409139851,1,12
308,1,3.4609968208683903,0,3
707,0,2.451144091947987,0,11
432,1,1.7672191665383523,0,19
472,0,3.527182483219093,1,1
965,3,4.550221203785421,1,4
47,2,3.585090872063655,1,7
890,1,4.251615418600897,1,3
81,3,3.086111354217484,0,1
108,1,3.8718844269641153,1,5
262,3,4.58490709511341,1,2
866,1,4.0927159130346205,0,13
30,4,4.639415813592583,1,9
357,1,2.7245584084642394,0,10
567,4,4.6168810205082265,0,4
479,0,3.4862689379268303,0,15
866,1,4.480195064326775,0,8
188,0,1.1575061217513416,0,15
987,2,3.6314095276541445,1,8
4,5,4.391900315511595,0,16
285,5,1.696808134572799,1,11
789,4,3.6471477338596925,1,14
656,1,4.299818856866526,0,9
393,5,2.1517974785305483,0,3
454,0,2.620985311625568,1,16
707,5,3.2780708739968776,0,17
425,5,3.0766707555382484,1,17
26,3,1.1567575721485426,0,9
126,5,1.3946883923416538,0,10
134,0,1.4018663172174453,0,0
534,5,2.0490716219967,1,9
330,1,1.983456451209797,0,2
628,5,3.9688895351471984,0,5
391,2,3.290977544064578,1,16
7,5,4.055904338580964,1,11
612,4,1.2795842296434805,1,10
260,3,2.9408569498864026,0,16
198,0,2.295102317061078,1,2
597,5,4.399757243022986,1,8
739,5,3.831156627639613,1,17
385,1,4.477033883307185,0,5
471,1,1.1857084896242402,0,2
178,4,3.883293958266402,0,5
449,3,3.160033408638312,1,10
239,0,4.300000116062263,0,10
523,0,3.028642363703284,0,6
814,0,3.160836311607636,1,12
745,4,1.2070695237682605,0,12
182,4,3.674091460143867,0,6
793,5,2.0925595024202,1,13
357,3,1.078775688715282,1,1
375,0,1.2657486500241202,1,2
940,0,4.829142435864103,1,3
701,5,2.384309158319388,1,7
837,3,4.472302514484635,1,0
726,3,4.8387089362770235,1,8
769,3,4.773068755349291,1,16
537,1,4.526900962797681,0,17
781,3,4.579375649845204,0,6
81,2,2.156032177363806,0,2
357,4,1.6058795610414331,0,15
184,3,3.5570502483516946,0,7
287,1,2.9524223674752954,1,4
61,2,1.3949868747806842,1,16
882,1,3.7101652640896434,1,18
506,1,3.2514400299390935,0,17
461,5,4.452269603241756,0,4
29,1,3.4367351827535946,1,6
908,1,3.2957847188870146,1,17
935,0,2.7630068933305116,0,12
30,4,2.8511482795554812,0,10
292,5,4.817524907916464,1,4
172,5,1.5537840376009573,0,14
613,0,2.7848752743287486,0,6
127,2,3.6233089357073713,1,4
85,0,2.7320425823615984,1,6
314,5,2.132862508163031,0,16
27,2,2.1494294830514193,1,8
121,5,1.934624185030863,1,5
250,3,2.3756128023323586,0,8
572,2,4.486699102334268,0,16
402,5,3.0208982012919807,1,1
682,0,1.9609549123112737,0,19
442,5,2.5381068681061296,1,12
271,0,1.423321648314272,1,16
836,2,4.616142958954952,0,19
811,0,2.632791328365728,1,5
112,2,4.921564818372303,0,18
705,1,2.390155093050077,0,5
393,4,4.345424188908485,0,1
942,2,2.025541253165813,0,12
18,1,1.304611573510409,1,19
851,1,1.1269334466952028,1,9
604,1,3.424673706579134,1,8
728,1,2.2462946866943576,0,12
464,2,2.7740795219033134,1,6
690,0,4.274588142403181,1,17
908,1,1.9924323427792086,0,13
190,3,2.234609906939653,0,3
492,1,4.381344740234669,1,7
911,0,2.9710490933740163,1,11
948,0,4.31066066820995,0,7
162,4,2.4979040138652655,0,15
611,4,2.593479923308434,0,0
698,1,1.668553447113025,1,9
294,1,4.665383414379866,1,6
578,5,4.587134776050438,0,13
72,5,4.936868058259094,0,16
743,4,2.609788508678846,1,18
700,1,4.2744597670345685,0,4
561,5,2.6598149266884743,0,18
308,3,2.817195155683891,0,2
301,2,4.319997574379299,1,0
307,4,1.709467083545599,1,7
123,4,1.8812437378470093,0,8
668,0,2.25891296158326,1,4
260,1,4.15271613000023,0,0
194,4,2.490606197472331,1,16
841,4,2.4326728331230463,1,13
350,5,4.9952653810209675,0,16
842,3,2.535224572397918,0,8
767,1,1.991082145262348,1,2
976,2,3.4928547128037732,1,2
935,3,4.207519807820003,0,12
488,2,1.278431334892637,0,19
199,0,3.4755689245539,0,4
883,4,1.142941823520899,0,5
507,5,3.1053294039180717,0,13
897,3,2.0279662550312367,1,5
579,2,2.226566790692743,0,16
445,1,2.8683838559295305,0,8
79,0,4.708429842982348,0,3
744,0,3.842669226351506,1,14
697,4,4.7473823851379855,1,17
616,4,3.6398840182347105,1,14
468,2,1.0284309883514386,0,17
836,2,2.0623407893907104,0,6
441,0,4.623090310881496,1,14
930,2,3.573782083870979,1,4
653,4,4.9265889462810994,0,10
910,0,1.6238560768731825,1,13
901,0,2.1869913324260777,1,7
271,1,2.4494706380681452,0,3
342,1,2.306231272669242,1,9
123,2,2.0079661205995225,0,6
222,2,2.7738628630271114,1,0
489,4,3.569192493477485,1,19
685,4,2.245027691546784,0,11
702,1,1.3187996932570227,1,12
651,0,3.8341301075726535,0,15
296,3,2.8360662231250746,1,13
118,5,3.225929224360253,1,12
786,5,2.8216026286556604,0,4
75,3,4.561430013819641,0,13
620,2,3.23497998866552,1,12
630,5,4.693107359406999,0,13
972,5,3.042301366224001,0,11
880,3,2.1703526489611273,0,19
257,3,2.4217703487047864,0,14
531,1,3.088517174339142,1,18
630,0,3.1199577512200345,1,10
350,4,3.749350806195795,0,14
648,1,1.8979794887465231,1,11
276,5,3.635371599862007,1,18
254,4,4.114352033523009,1,15
263,1,3.7063679578679602,1,3
678,1,2.9273124392703633,1,17
676,3,4.966722604467336,1,8
28,4,2.619252636516865,0,15
466,1,1.4263624583193169,1,6
34,3,4.286016861629372,1,18
748,2,1.8488048755216728,0,10
293,4,3.8531422916097684,0,16
601,1,1.7159051308605036,1,4
202,5,1.0675095634317575,1,11
739,2,1.6391944151561026,1,18
930,3,2.5079547863032876,1,1
67,1,1.4264729885191931,0,0
130,5,1.7907163369427281,0,3
876,3,4.058505110737572,0,10
110,3,4.079534431908523,0,17
523,5,4.269952908763907,0,15
287,3,4.36462094619037,0,9
686,4,2.6817435784550216,1,11
830,2,4.470198642774114,1,1
665,2,3.1037475000561723,1,0
42,0,2.8823884677440326,0,9
874,1,3.874145315983103,1,9
716,3,1.8552736454396288,0,9
683,1,4.157989507309888,0,1
293,2,2.717863306264813,1,19
284,2,1.5091816560150417,1,2
822,3,1.4772476540678703,1,0
563,4,1.6596269753868005,1,17
626,5,4.562290936975129,0,10
18,3,4.96375128903619,1,11
506,3,2.427895196805134,0,0
546,0,2.1685754088211904,0,5
47,5,1.8750838903773492,1,15
744,4,4.295265908668982,0,19
218,1,1.8368299296755044,1,2
621,5,4.696360519721079,0,16
765,4,3.6694015158851307,0,15
187,3,4.588511166676779,0,10
30,3,3.216039417576585,1,15
258,3,3.762719448729987,1,11
674,3,3.4778324026308307,1,0
343,3,4.3247818252951875,1,10
307,5,4.343443244743524,0,5
70,5,3.3591719993805005,1,18
306,5,3.5300305973190893,0,11
567,4,4.68750368199132,1,1
98,3,4.719465935859878,0,9
20,2,3.6569991355807265,0,18
896,5,1.0310171126926542,0,14
619,2,1.417644859015764,0,7
564,0,4.431770127097664,0,10
5,1,1.338856465483206,0,15
230,5,1.8540767234202655,1,12
993,2,1.9221867208866072,0,12
81,0,3.4009390791196195,1,4
957,4,3.306531191535057,1,11
216,1,2.157670093681601,1,9
334,3,1.8304454622737714,0,18
558,5,4.058128119429903,0,16
863,5,4.741824622423905,0,0
873,3,1.2112227196657548,0,14
752,4,1.5327218508194513,0,15
689,1,3.56865595482283,1,19
593,5,4.217765806685703,0,9
798,2,4.164754675105598,1,9
703,1,3.878732612330757,0,16
924,0,4.5497118179923675,0,16
654,5,1.8693955182832513,1,1
825,4,1.4291637859677886,1,8
790,2,3.4614518803654732,0,3
933,1,4.289103566093729,0,6
552,1,3.328174313922293,1,4
458,2,4.851989949835625,0,18
782,0,4.1822578455671575,0,3
86,0,3.8031672036370434,0,17
514,1,1.2410291634869344,0,2
722,3,1.4309689549267284,0,3
512,2,4.139350530364777,0,13
983,5,1.7929517023081174,1,13
586,0,1.1153407043159622,0,16
477,5,4.643042742987859,1,8
497,0,4.563221494804937,0,18
906,0,1.8739353089259674,1,2
955,4,4.120825032291819,0,14
742,5,1.1919186448466204,1,0
448,3,2.1402320152930523,1,18
587,0,3.4946676330264994,0,3
259,3,4.052715984633542,1,13
536,1,1.0415967551527583,1,17
199,1,2.3048344530949763,0,11
462,4,1.857382240254696,0,5
938,3,4.995121622994894,1,9
93,2,3.68392892954094,0,3
935,4,2.6226858115189753,1,15
351,0,1.30261040792274,0,0
107,1,3.394681030027855,1,2
354,1,3.566805883744257,1,6
468,2,4.265623710012541,1,2
94,4,2.154307411677454,1,14
867,3,4.925712321920386,0,5
90,1,2.757862957255798,1,15
43,0,2.1837750186379745,0,16
455,2,2.3937973360058313,0,1
954,2,3.078344211868495,1,9
383,5,4.746806258028509,1,10
22,2,3.940635191677602,1,5
701,0,3.308438597855129,1,17
22,2,1.6512415519194472,0,14
233,3,1.5974132435634867,1,15
697,5,3.008787655254256,1,12
310,3,3.9148348184065966,0,15
416,4,4.00404869102044,0,1
332,4,1.9036575355050336,1,19
574,3,1.400398051389013,1,11
102,0,2.537843957015158,1,13
499,5,4.6726901729762975,1,7
827,4,3.181469010677529,1,5
482,2,2.2803990673270973,1,13
188,3,2.2945506733564867,1,14
847,1,1.5283481808887398,1,19
459,0,2.892894944424632,1,2
188,0,4.165450714059354,1,6
350,3,4.874234766109366,0,15
580,1,3.0063799998319016,0,1
113,0,1.6688596633707538,1,16
103,5,3.731801599211458,1,10
619,4,4.027165370981182,1,2
507,5,1.2867989976924088,1,7
344,1,4.400556518524915,1,18
20,5,4.317289559983429,0,17
386,2,2.890164216156472,1,6
943,4,3.2416900744634733,0,15
777,1,3.8536322548436766,1,13
854,3,3.7069925002514372,1,7
208,0,1.0661439127728363,1,12
681,4,1.489741215393943,1,2
482,3,1.6503622231249828,1,1
472,1,4.022703556288395,1,12
705,2,2.76033425156952,1,2
858,0,3.1820105055473005,1,0
941,0,4.0907497475819365,0,1
392,4,2.363929076256363,1,9
634,3,3.9955609092750923,1,10
688,1,2.7691970985182386,1,2
515,1,2.5087207510968264,1,7
187,3,2.3321490562189604,1,14
345,0,4.859779261969532,0,4
351,3,4.087893642835915,1,7
540,5,1.0807837630941175,0,17
597,1,4.829661946072807,0,17
46,3,4.101758518906694,1,11
76,0,1.5966988578170223,0,3
342,4,1.3053525016452685,1,7
190,5,2.2327763746378135,0,1
542,0,3.496726117384247,1,19
818,2,3.4661867565978697,0,2
680,2,2.103400500596882,1,7
35,3,2.782699914629671,0,11
756,0,1.847560622854942,0,1
423,0,1.2023147406669499,1,16
350,1,3.0678818697075148,0,13
187,4,2.3879645370081524,0,13
526,5,3.17152972919172,0,5
333,0,4.786029289881807,0,7
482,5,1.5734812467812844,1,9
215,3,1.0078480732438213,0,17
157,1,1.3075128531285007,1,0
925,5,2.850833184406516,1,6
666,5,3.827728119209294,0,6
240,5,3.323054413268756,0,12
295,5,2.979578429494988,1,15
461,5,2.4158525243696496,1,11
44,1,2.239896686126004,1,18
494,3,2.5051447004199203,0,5
970,5,3.4465398160362852,0,6
174,5,1.6710158234621448,0,16
345,3,4.085448332218503,1,18
55,0,3.301012960372441,0,4
565,0,2.0766255104457105,1,2
340,1,3.004611851245135,1,17
776,1,4.851114750740665,1,16
885,4,1.0819661165807761,1,10
750,1,1.7980905636049167,1,8
832,3,2.793520959613112,0,16
107,5,3.5537588871193124,1,18
709,3,1.8489130651419408,0,12
896,4,4.725615793504785,1,5
213,2,3.5702880496985685,0,3
498,2,4.509727795825722,0,17
757,3,2.317271721001274,1,11
396,2,4.315815737226519,0,3
549,2,2.512876867597785,0,4
496,4,2.01100708984482,1,11
172,5,4.646621356655173,1,17
104,1,1.3688739027154182,1,16
551,1,4.771555184225617,0,9
478,2,2.834060823470422,0,5
398,0,4.970501893943447,0,16
433,4,3.158378614940115,1,7
641,5,4.029952688329212,0,1
692,5,1.028284065352016,1,11
990,2,2.9866672798406606,1,2
921,0,3.949813886472461,0,19
193,0,4.131308079833796,0,6
842,5,1.6321943304063922,1,0
800,4,2.6758838015311146,1,16
465,1,2.676287832477355,0,7
340,5,1.4145632339962235,1,9
58,5,2.7721820307658667,1,16
862,3,4.228371834784022,0,15
537,0,2.200722950475948,1,9
477,3,2.7302980875755325,0,14
102,3,4.843834740248571,0,15
532,4,1.1268323035662489,0,17
944,5,3.366087071581423,1,3
591,1,3.9737443671105166,0,6
838,4,4.043529736124714,0,11
981,0,3.8637520995361774,0,11
710,1,3.9058057738737455,0,0
321,5,1.2360506626921994,0,11
548,2,3.1365464765453313,0,6
13,1,4.131876286629025,1,14
455,4,1.3762601961493184,1,1
220,4,1.0481996895474714,1,0
875,3,4.2582473263986325,1,3
390,5,3.849177550265957,0,7
677,2,2.6488256676577704,1,16
172,5,4.761585730296687,1,17
661,1,4.066392378605885,1,4
683,2,4.87144376642631,0,5
80,5,4.71726103818987,0,11
335,3,2.9251744119172285,0,15
224,2,4.0188359145742645,1,8
870,2,3.676765555230556,0,14
34,1,4.2457808403699655,0,7
869,2,4.150753609003968,0,11
187,3,1.612927880132907,1,13
223,0,1.9349421272341853,0,16
642,0,2.0629263087102694,1,13
885,4,4.273994236868042,1,19
962,0,4.2429668157167555,0,4
967,1,2.9813413877577686,0,12
493,4,3.3233290370076847,0,5
862,0,4.3076886118735995,0,13
310,0,2.250374402710973,1,5
520,4,1.2007151076654532,1,2
580,1,2.930385753116669,1,15
539,4,4.654868575394687,1,11
910,1,4.161873043840291,0,13
368,1,2.466469212433943,1,1
474,5,1.2590854419313469,1,17
745,3,3.54767802153004,0,6
30,0,4.33796318348208,1,4
826,5,3.659794265818554,0,11
231,0,2.7002986590520788,0,16
849,5,1.4934144527162854,0,11
997,2,4.643096976549419,1,10
496,4,2.103833303013532,0,0
565,5,1.8971481459718373,0,8
963,3,4.263906662438616,0,7
980,0,4.924879754895429,1,13
174,2,3.6406410349790415,1,3
297,3,3.4992419560982024,0,10
790,1,2.2777234768842503,1,16
364,0,1.0816538027405174,1,7
85,5,1.7671914632908385,1,0
576,4,3.3377217462262876,1,17
88,3,1.605265847264182,1,4
53,2,4.535343227725308,0,7
629,4,1.7525787514115407,1,7
360,1,3.0884178120476062,1,8
475,4,3.0480529830751797,1,17
228,2,3.415782520518602,1,6
778,1,2.309736278872156,0,9
830,2,4.494136804261261,0,15
533,0,2.7772061439002784,1,2
949,2,3.800614314946296,0,9
758,4,3.5436434438668125,1,7
984,0,1.468624332478813,1,17
372,0,3.4905574108104456,0,3
468,3,3.202810711924384,0,11
419,4,4.594416253023624,1,4
825,4,4.523506545939613,1,3
531,1,1.6038191496465855,0,18
399,2,1.3267405823464307,1,18
987,5,2.178368876843475,1,4
183,2,4.9464514267372355,0,14
860,4,1.086295105625267,0,11
561,2,3.691568958291507,0,12
89,4,3.4340549353639087,1,5
615,0,3.5863131218312674,1,16
705,2,1.873143559082966,0,19
382,2,1.9068693831993997,0,9
368,4,2.7225683286952984,1,13
73,4,1.3834312282678254,1,14
268,1,1.2984528360757608,1,9
14,2,1.3534378139443888,0,5
328,3,3.291916685225031,0,15
794,4,2.590967427591575,1,1
391,3,2.1744671226290944,1,9
709,0,2.2632775186052223,1,4
995,0,1.829133223396295,1,8
433,3,2.6460213412877396,0,18
343,5,1.8122322767998695,0,18
194,0,3.79218416919733,0,8
921,3,1.4957300506157445,0,15
35,1,4.792968338323385,0,18
916,1,1.3592757605091288,1,19
204,0,4.773842857119504,0,3
819,3,4.333179886081627,0,4
650,3,3.7228484824535215,0,17
775,3,4.649206622261934,1,7
56,5,1.5568751740695075,1,12
109,0,1.7052590967476613,0,8
685,5,2.008610368235263,0,9
495,3,1.9792461070635636,0,3
717,4,2.2433930837086407,0,18
224,3,3.3025235930923733,1,3
385,4,1.1126904452204185,0,12
63,1,2.529090380159903,0,16
763,4,1.985540511570386,0,10
947,1,3.426519392210888,0,1
960,0,4.940677324206142,1,4
778,5,3.0706184487334904,0,12
901,5,2.7027409564737352,0,2
351,1,2.4729741805804646,0,18
462,1,4.139796875519431,0,18
843,3,1.2879237266029078,0,15
319,2,4.839082057840486,1,15
356,1,2.6716715439521823,1,2
92,4,2.254802903300452,0,8
694,0,4.8962724655988055,1,18
299,5,4.743515452972799,0,0
725,4,3.567736559062884,0,13
493,5,1.0740294994016053,0,10
653,0,3.9941399048262873,0,17
594,4,2.342229600168005,0,19
388,5,2.5531209234170444,0,6
610,1,1.6349685159095544,1,5
792,2,3.0938323354595973,0,11
433,1,3.978210384815065,1,1
101,5,2.0920444723722738,1,12
840,3,4.7549316321735,1,19
377,4,1.7789474240118173,0,0
582,2,1.2650493623777335,0,14
884,4,3.577455493399604,0,19
337,3,4.397274927520187,0,7
897,3,4.812531437230049,0,17
883,3,4.068684042066075,1,14
777,5,1.7986000460242892,1,7
491,1,4.910644739214922,0,1
641,5,4.677743504115371,1,10
59,1,1.6526696910497898,1,7
812,2,3.2351433076612977,0,12
508,3,3.2220697037239154,0,0
391,1,2.7701391125178834,0,17
953,0,4.937125321038755,1,4
118,0,1.2384889487208848,1,0
774,1,3.5088356337743387,1,11
994,2,1.8212144907152403,1,4
470,4,3.1093248189238385,1,15
327,5,4.118963087150075,1,17
20,3,1.9869072126741854,1,1
96,1,2.573438185932594,0,14
814,2,4.803072297121597,1,10
512,5,4.045922950881238,0,9
907,4,3.2908927380473423,0,2
714,2,1.887989551226867,1,12
943,4,2.7012217499103324,1,12
639,0,4.09624527619969,0,2
349,5,4.282172312439904,1,9
131,5,1.9784247925695957,0,3
545,4,3.648240841668077,1,13
598,0,1.3800119684935996,1,16
31,3,1.0928492298018577,0,0
258,1,3.194695693732085,0,14
475,0,1.897519417121715,0,1
835,2,1.3156481249685315,0,17
824,4,3.91931325158092,1,6
881,5,2.99189835345858,0,12
971,2,4.185108043833802,0,2
919,5,3.6557769587222277,0,2
32,0,3.91921975966196,1,12
898,5,2.2294423251835993,1,3
387,5,2.0531033027329455,0,15
797,5,3.403499568381045,1,7
837,5,1.8003285615923375,0,7
560,2,4.261648462528084,1,15
797,4,3.091680675896954,0,1
455,1,1.907959729391044,0,8
593,2,3.500672929319634,1,12
143,3,4.780142940334471,0,11
948,4,1.3283789063630964,0,1
901,4,1.4373808292540118,0,8
791,3,4.37535658745336,1,0
882,0,1.4383750982674943,1,5
603,3,1.1575014774119512,0,1
223,0,2.3917223241858916,0,2
216,1,2.8668235396863904,0,14
155,0,3.277777746762759,1,6
788,1,3.0292009302569993,0,12
519,1,4.652738250632454,0,15
35,5,4.074672401566549,0,12
635,5,4.935241023446843,1,11
8,3,2.905821692901289,0,16
39,1,1.3373184393567157,1,10
468,0,4.822122571771498,0,6
178,2,1.0164526463563894,0,12
640,5,4.104384055356194,0,9
958,4,1.1251281230867178,1,9
500,4,4.044856762606553,0,12
372,0,4.751755759392217,0,18
67,5,2.5570411893241873,0,16
969,2,1.9638594048788707,1,19
665,1,1.9051166100473234,0,6
423,5,2.9668705766008134,0,3
514,0,1.6835481430271662,0,16
363,1,3.6916945226388482,1,3
889,5,2.4734094299534997,1,17
776,3,2.292437969613036,1,19
927,2,2.845142305025828,1,7
450,4,3.1703500097590074,1,7
515,0,1.5677210490351832,0,15
773,4,3.8310534551873734,1,14
328,1,4.531788399621305,1,17
793,1,2.111947664804727,1,18
897,3,1.7215636073179392,1,5
961,1,4.042021694876254,1,8
369,1,1.734166895062598,1,15
596,4,1.1650206414518265,0,8
853,4,3.4769728815311156,0,19
386,0,1.959005665221401,1,16
546,0,1.6872416357142388,1,3
113,1,4.926410966858025,1,14
570,5,2.1674599335989106,1,10
37,2,4.613773160862143,0,13
544,0,1.7128750635544172,1,16
376,1,4.27590852824974,0,12
398,5,3.008075492193928,0,8
202,5,1.314379076463981,0,15
201,4,3.9344211745742896,0,7
99,5,4.56829348693912,1,13
397,3,1.652067961342086,0,14
449,4,3.9023609693447012,1,6
812,4,2.7802100762924953,1,10
815,3,4.015481813026874,0,2
939,4,3.8557117927412228,0,6
117,0,1.1064009218520217,0,4
420,4,1.7148841438686206,1,8
242,3,2.8841089717290975,0,19
540,1,4.7343766876483215,1,18
226,1,2.368293827019206,1,12
500,1,3.5154938811207277,1,18
851,3,1.0483349820577152,1,15
212,3,3.8445076861877765,0,1
929,0,3.4122730510112183,0,0
698,3,3.8615789864630634,0,2
112,5,4.618642452099779,0,11
372,1,1.5859957324712401,0,5
298,3,2.0463583840322683,0,1
672,2,4.983123568672568,1,15
18,4,1.6251358340385078,0,4
775,0,3.882508026104105,1,11
670,1,3.9003036420436072,1,3
10,5,3.7319749849422776,1,13
7,5,1.9097623572583107,1,16
152,1,1.860536252855483,0,11
624,5,3.665364272139152,0,12
659,2,1.7450007378368642,1,16
549,0,3.6462533269621495,1,19
134,4,2.9701131281012723,0,14
372,0,2.5465154705975364,1,8
460,0,2.200929397511783,0,9
934,1,4.790307733292467,1,5
234,3,3.0323746309711503,1,16
254,4,3.245007850043848,0,11
585,0,4.797024338747142,0,8
327,2,3.6155092723885347,0,1
361,1,4.83141171102731,0,15
373,3,1.4254669620907938,0,15
787,3,4.3865585270896155,0,0
208,1,2.3416585120923634,0,10
266,0,4.241950100281365,1,2
655,5,4.422546496779914,0,1
996,1,2.0859515445702232,1,13
553,5,2.6353224660619157,0,0
735,3,3.904057417259616,0,5
857,3,1.3962225235878827,1,6
505,2,4.0221341373573605,1,1
563,2,1.441891704218976,1,1
420,3,4.657822929072232,1,14
307,2,2.1053571731854137,0,4
136,2,3.3023973874694232,0,12
418,2,1.4686140003050911,0,18
194,3,2.077972618649915,0,18
94,0,2.6158201739484217,0,14
489,0,2.9481955067320573,1,0
902,4,1.0002699905862977,0,2
257,2,4.554623049521874,0,17
24,0,1.0306992382355085,1,16
231,4,4.0947382519777005,1,7
331,1,2.882315649425484,1,10
605,2,3.0955200996055057,0,19
861,0,1.8330619173381635,1,7
220,0,3.4294734013828165,1,5
296,5,3.1489276366778087,1,5
202,0,1.6569456264811815,1,5
947,5,1.9524760053968766,1,1
342,4,1.2676145160498287,0,9
592,5,1.2651342883578107,0,9
204,1,1.0551031438097063,1,8
992,2,1.881897301932335,1,2
960,0,3.718644909588223,1,1
891,3,2.264861552569425,1,3
999,2,2.3709370794695066,1,7
76,3,1.5276215730217788,1,8
549,4,3.30188267062568,0,1
706,0,2.368574566186949,1,15
975,2,3.705267213720859,1,5
41,2,3.9658378753702137,1,7
454,0,3.3387715009935284,1,2
181,1,2.104278147248145,0,10
756,4,3.0344311973490172,1,19
194,0,2.0077232187292133,0,4
589,5,4.611651341415673,1,11
831,2,4.065543000330229,1,10
975,1,2.972023624022265,1,4
387,2,4.861828572712586,1,19
926,3,3.1870217869207518,0,19
636,2,2.3141419078277927,1,2
140,4,1.3818692031761883,0,8
26,0,3.1749825792536543,0,17
314,2,4.441666446325382,1,11
320,5,4.466874912625794,0,3
447,3,3.4182682667309936,0,6
792,3,2.573753452936851,1,19
292,0,3.6011852323627194,1,10
753,3,4.048561418236158,1,1
235,0,2.646499137576505,1,11
714,4,2.9050166768597014,1,8
456,0,3.722465229511772,1,5
891,1,4.506610424410986,0,6
838,3,4.164041512569099,1,5
653,3,1.0895654772813947,0,17
605,5,1.4974893751383513,1,12
663,2,4.4111127211420875,0,8
764,1,4.335291312180134,0,18
66,2,2.555227132594837,0,3
175,0,3.3371116894306625,1,3
509,4,4.623379929714585,0,12
614,5,4.646234724028385,1,10
90,3,4.132371383043563,0,1
704,4,1.8383557534387158,1,5
165,0,3.9211312294157796,1,11
601,0,1.4043937293882265,0,7
837,1,4.575753837818276,1,4
826,2,1.596595214314858,1,19
779,3,3.6493945604458036,1,8
437,3,3.440973097009395,0,3
50,4,4.107598623518332,1,8
677,1,3.206310009433822,1,11
685,5,1.2382663015029287,0,3
738,0,3.8233850161765965,0,16
265,1,2.5326182353410718,1,19
520,3,2.2811400048764394,0,1
86,5,4.966694198134939,1,12
605,2,3.361599063838911,0,14
51,4,3.8428762930776452,0,7
178,0,3.1053045477425933,0,5
277,0,4.079890583806611,0,8
238,0,4.008290941999901,1,10
584,2,3.628584462720642,0,11
338,3,4.990972245775107,1,1
71,3,2.839174136332551,1,1
373,1,3.82476939319262,1,10
579,5,4.191111851219673,0,7
516,1,2.5041388383781773,0,5
850,3,2.8287001102144744,0,17
237,0,4.876669065562341,0,10
465,2,1.1291640685064324,1,5
120,3,2.3411826158436573,0,8
412,2,2.94485184935468,1,13
722,4,1.005859972276761,0,18
773,0,4.596508404026447,0,5
836,4,2.1449776008486348,1,19
569,3,2.030819328437777,0,18
42,1,4.281304781414967,0,9
503,3,2.1119329140099015,1,13
196,4,3.6304903756080895,0,4
71,2,4.286012575607836,1,11
90,5,4.169907390841489,1,18
548,5,4.127802949703716,0,1
490,3,1.3545502794609394,1,14
825,1,1.3193878702894568,1,5
748,4,2.22708014294955,0,7
997,3,1.143791524784071,0,13
382,4,3.0017189460770575,0,2
804,4,2.579128265080873,1,5
465,0,3.2281036501725966,1,10
153,5,2.195154154678762,0,8
169,5,2.943016011961708,1,16
271,2,2.338979063436215,1,18
917,0,1.7808323688932344,0,1
109,5,3.5974667245512597,0,7
150,4,3.693743605996741,0,9
430,1,4.316926770999,1,2
450,1,4.499007132614899,1,9
642,0,3.817847617471662,0,1
779,1,3.749992346790048,1,6
22,4,1.22670266134589,0,0
366,3,1.4391169658326861,0,11
650,4,4.250250841563494,0,4
819,5,1.9318050464945262,1,8
238,3,2.422260240868332,1,11
433,1,1.5811894147035073,1,10
952,2,1.780607874299676,1,11
703,2,4.101668941480825,1,2
126,4,2.047438478062153,1,11
941,4,2.7961398650567606,0,0
540,1,1.6066854922369571,0,5
632,2,3.7117196252643945,0,10
197,2,3.9130789365339047,0,1
685,4,2.4467692715948552,1,7
655,5,4.138986584491002,0,10
481,2,1.9596266076885058,0,11
178,4,3.7676154484006243,0,18
868,0,3.919858325681816,1,19
522,2,4.874629511155105,0,8
650,3,1.929286660746865,0,10
958,1,1.374841920171011,0,17
436,4,2.0521416891591464,0,8
764,2,1.4914487863284762,1,14
856,2,1.6787772339772387,1,17
313,5,2.3364580474238976,0,7
18,4,2.6559629868880035,0,3
159,3,4.614896903005518,1,12
817,2,1.7824630860000843,1,14
121,0,4.887035903684865,1,7
71,1,4.240612839584687,1,15
54,4,4.525885559573764,0,10
459,2,4.717775958960974,1,12
168,5,4.012964788564483,0,6
610,5,4.1551193264682444,1,17
581,1,2.751273186422478,0,7
148,4,3.041800938704976,1,1
628,4,4.729941707066537,0,2
25,4,2.513023646210598,1,9
247,3,1.1677882922568288,1,6
896,0,4.051017541899092,0,6
720,5,3.2926300468700735,0,3
226,4,4.259503849373246,1,7
922,3,1.3022050664438485,0,18
945,4,3.4849279619031592,0,11
625,4,1.990823551963032,1,9
705,3,4.613074377977936,1,13
483,0,1.4396397589669827,1,11
832,1,4.372277090900252,0,19
9,5,1.3542170078876414,1,3
94,2,1.1003894219879924,1,18
120,4,1.9402377201676893,0,6
125,0,2.332178163706735,0,0
548,5,3.5061150872474847,1,7
68,2,1.5268983894442152,0,10
296,4,2.7493197343643,0,0
685,2,1.817054408411495,1,0
500,3,4.421213286188253,0,3
972,5,1.1798660318052199,0,3
44,0,2.4237509067540843,0,10
634,0,3.5254963198764355,1,0
381,5,4.652352712207756,0,9
983,1,4.471973690775581,1,3
26,1,4.580767998068654,1,6
704,2,1.2514131747319284,0,1
496,3,4.363693045853838,1,12
851,2,4.119650314176477,1,18
135,4,4.609726597102476,1,3
706,0,2.2463050690320054,0,5
48,2,4.647060425093467,1,16
607,2,2.610564340345791,1,8
506,5,3.5363987421032,1,1
120,0,2.6967159648279933,1,19
760,0,2.7105937220626046,1,5
984,1,3.1865480751796063,1,17
216,1,2.42370683848329,1,14
625,0,4.170947977076943,0,15
525,2,3.5345549416609554,0,0
573,4,3.7590230461557828,0,9
42,2,1.9241392008870544,1,9
922,4,4.87830115392557,1,5
751,0,3.6407043910918615,0,3
95,5,1.7887834581215665,1,13
26,4,4.001960973884135,1,16
835,1,1.6948564128304908,0,2
894,5,1.2535395851980335,1,1
241,0,3.110213584583337,0,17
486,3,3.214095816649389,0,16
970,4,1.7558622989263943,1,12
239,4,2.393515777168636,0,18
303,5,4.783077182714788,1,9
66,3,2.1400129283499596,1,3
280,3,1.6222722430614747,0,16
191,0,4.970247834661816,1,15
118,5,2.209222145521867,1,18
151,2,3.7210146925843146,0,13
776,3,1.9262407257570655,1,19
391,4,3.2004847879455576,1,14
230,3,2.545127946438462,0,18
350,0,4.846317044636754,1,2
760,0,2.7312234982019508,1,19
570,4,3.3366967367268967,1,19
528,4,4.779065063600589,0,15
170,4,4.95693719975182,0,6
862,2,1.406633456019986,0,17
963,4,4.337282848169556,1,7
131,5,2.528465976748995,0,13
356,0,3.379314824822451,0,17
647,0,2.500192315820982,0,0
41,3,2.6044648226191693,0,19
304,4,1.6354301439404462,1,5
5,2,3.2910658337114636,0,12
328,5,3.186863783778899,1,0
169,1,1.7574231541535994,0,18
967,3,3.1669217173357658,1,6
799,5,4.892407530524345,0,15
910,2,3.8576343834151587,1,13
337,4,2.9239302383334076,0,1
726,2,4.664335942325501,1,6
68,1,3.3012574260212233,0,19
881,5,1.5401919949112135,1,19
538,2,3.1900385912498255,0,14
736,1,1.7238924614634712,1,13
833,1,4.070019354990697,0,0
506,5,4.868696857178833,1,16
745,1,2.443274338173321,0,15
485,5,2.739671520500778,0,4
442,2,2.6859858673545203,0,2
923,4,2.1411999031795275,1,19
919,0,4.176719859514524,0,18
50,0,3.4709133309879836,0,1
148,2,1.2562062274262384,0,13
926,4,4.355225340092542,1,18
586,0,1.748352924612829,1,12
817,1,4.916604646836484,0,12
91,2,2.506652556010263,0,5
367,2,3.465798588601295,1,8
935,3,1.3112944755841216,1,19
579,3,2.3786530987534267,1,0
746,3,4.209415829443126,0,9
873,5,2.9088339678130337,0,2
655,4,4.6184139341760915,1,5
75,2,3.3005537642032285,0,15
85,3,4.714288781582991,1,19
226,2,4.930439628050225,1,5
362,1,2.815578238073104,1,11
958,3,3.260626290311232,1,2
567,2,4.33968257300508,0,17
591,4,1.886132022143252,1,2
23,5,4.446518295124438,0,4
738,4,3.3676805615090784,0,18
27,4,3.9020005415381016,1,17
120,3,1.3194160906537808,0,7
489,4,4.064750733813614,0,9
604,5,2.2431476182946337,0,18
852,0,4.2209291073993676,1,9
623,5,3.0366101532108276,1,1
889,1,2.0984573392625325,1,9
344,5,4.811038788086616,0,17
998,2,4.060249590845997,0,3
30,0,4.942744295494588,1,2
654,3,2.457879593648815,0,16
878,2,3.596878534166555,1,16
809,5,3.446354711454907,1,11
226,2,3.7502269642752117,1,16
869,4,1.1532662641653233,0,12
249,2,2.1668772955094964,0,8
49,2,4.637350295163229,1,0
725,5,2.6952802194889074,1,14
891,1,4.8425747163261885,1,18
388,5,1.854012690579903,0,8
943,3,4.989695893924358,1,16
780,0,3.790323635838129,1,14
287,4,4.105573696265951,0,1
706,1,2.5874446888101432,0,3
765,0,4.628032485042484,0,6
590,0,3.181851603834488,1,7
474,1,3.72375352089854,0,0
755,4,1.379233085345144,1,0
602,3,3.5267228035715736,1,4
925,1,4.516315953048626,1,7
5,1,1.7131329128639523,0,0
792,1,3.950903738539384,1,2
411,4,1.1016030359786182,0,16
957,1,4.704812066250076,0,2
661,1,4.931668464124745,0,0
323,2,2.4167202671923778,1,3
398,2,1.4282953988613394,0,8
281,2,3.63430547265258,1,12
190,2,1.1193380565899163,1,4
785,1,2.929945125188747,0,13
584,2,2.087116700551546,1,18
958,0,2.8933562158115076,0,13
829,3,1.073102058953428,0,3
499,2,1.206448732282826,0,3
579,4,1.0639033153735293,0,8
815,3,3.476527480188456,1,1
433,5,3.240371670700834,0,9
62,5,1.9326319941464178,1,17
452,0,3.5865725156160853,1,6
492,3,4.5368290275799,0,13
645,3,2.1092884041044546,1,14
441,0,4.32797523151595,0,9
306,5,3.650036544008726,0,4
779,2,1.1352817726919326,0,7
734,0,2.500599583317738,1,4
942,4,3.0310288634360685,0,4
125,0,3.9267967598188855,1,13
264,1,2.1485222330136677,0,0
6,5,4.930920419431729,1,4
412,1,3.7381589620203433,0,18
205,5,2.491254708657442,1,11
178,5,1.388100156308448,0,14
467,3,1.7254710410832397,1,2
495,2,2.9504310402206264,0,0
694,2,2.978781419833467,1,11
991,5,4.070875059285414,0,12
442,5,3.90470650228901,1,13
951,1,1.8050921540712692,0,9
917,4,3.37982648223306,0,19
227,0,1.0824872029715533,0,13
747,5,2.5941895975373335,1,13
145,5,4.056420962286423,1,12
569,0,2.598034373148666,0,2
295,0,4.342384959205697,1,18
240,4,4.904621160501126,0,19
856,4,3.428850410797463,0,9
286,0,1.5800163053670264,0,11
951,5,2.518708831621643,1,1
674,5,1.0379334202735007,0,0
25,0,3.4109036953630105,1,3
451,5,4.286274003895192,1,7
105,4,3.5197603156921717,0,16
239,0,4.144344916733799,1,13
851,4,4.199615709103547,1,13
417,5,4.404050304869855,1,18
331,5,2.066655131990217,0,3
911,3,4.485074091281687,0,19
890,1,3.6163759938539637,1,15
41,1,2.158902226377948,1,18
644,4,4.949178859985045,0,18
828,0,4.800729574926676,0,12
555,1,3.2977639328255974,1,6
34,5,4.372833513598254,0,13
875,2,2.0459779548794867,0,9
346,0,2.66414798644356,1,13
383,4,1.7358870429753348,0,19
512,5,3.080410570516992,1,10
737,5,2.9840057202866612,1,10
810,2,1.8512529038462655,1,14
287,4,3.69120677486439,1,7
747,0,1.4711611821016501,0,16
870,5,1.2467658042788448,0,5
958,3,2.5396198746495444,0,13
32,5,2.6392991111388198,0,8
94,3,2.2789624261059447,1,2
204,3,2.0317865503130017,0,11
620,0,2.3551053800381214,1,3
833,0,1.653502295808412,1,14
29,2,2.6138098765315094,1,12
265,5,4.618413494069775,0,17
22,0,1.897707524835353,1,13
608,0,3.7378044174014016,1,12
38,2,1.5671380415913574,0,8
172,2,2.415626496040923,1,4
759,5,2.284699122181025,0,18
890,4,4.748117577633311,0,7
412,1,2.7119282232072357,1,12
413,5,3.7618637751255357,1,8
673,1,3.4098512358853172,0,16
691,4,1.5641203011390457,0,4
614,3,4.758161804122473,1,8
208,5,2.383477167423053,1,10
21,0,1.179033423134599,1,1
4,2,2.2017748273767506,1,12
650,5,2.3425349035293044,1,0
213,2,1.3709813095149088,1,7
671,3,3.4799096255197712,1,14
919,2,2.3870568221661816,1,1
906,3,3.5165384253238834,1,2
138,4,1.0269622543562686,1,16
656,3,4.92819359596301,0,17
671,1,1.6820654341787264,0,16
594,5,3.6373239468197456,0,13
666,3,3.863137213118062,0,10
799,5,1.6864333989899043,1,13
316,4,1.4468491284096743,0,4
792,3,1.6103087673792347,1,5
575,4,1.9872730233797782,1,18
703,1,1.6729284719716353,1,10
155,0,3.6959977078243265,1,1
423,4,2.683332814904269,1,9
499,0,3.1511663780614523,0,12
90,4,1.189347155236633,0,1
653,3,4.444995852402894,0,13
41,0,1.6822862128247689,1,16
760,4,2.4406093258203527,0,8
294,5,1.287606559311068,0,7
769,4,1.5471725385933186,1,7
336,0,3.663197639902646,1,6
0,5,3.7703480090227557,0,15
108,4,3.7078619385014084,1,18
927,0,3.208547151384088,1,16
978,1,4.810086656047627,0,0
124,2,3.0287086430743058,0,12
63,1,2.797648117185786,1,15
205,0,1.990182262868574,1,5
414,3,1.3953981170664504,0,14
953,3,3.192619719864715,0,11
849,2,2.2595607467713124,0,7
243,0,3.0961015327620607,1,0
589,5,1.8244763130419188,0,10
622,4,4.352690688831645,0,14
653,1,4.998788838636276,0,0
215,5,2.289614040482598,1,15
964,1,4.3693104290413185,1,6
527,2,4.49194454556963,0,0
964,2,4.9842951550283185,1,1
565,2,2.3708805191119176,0,7
652,5,4.024165574856423,0,10
379,5,1.9152360145679417,0,12
847,2,3.499184005168573,1,4
78,5,3.8193702778913505,0,17
414,2,3.9644827701403855,1,18
452,5,1.8286886743378465,1,2
148,2,4.394902281984779,0,0
638,4,2.6838874415701675,1,4
669,4,1.8654780709382202,0,18
790,1,3.1701243534876062,0,8
37,1,4.453428518427769,0,6
156,2,4.868351639112455,0,11
332,1,3.9928312869114975,1,13
287,5,1.0224915450854497,0,15
111,2,1.5388030418638246,0,12
701,4,1.305095945755463,0,17
617,3,1.404854971975539,0,9
90,4,2.5321398240791004,1,5
865,0,2.353973259314511,1,2
812,4,1.4547399250732402,0,3
48,0,4.528941406456996,1,0
160,1,3.461710305329441,0,10
515,4,4.185853235825796,0,16
401,3,2.4861975554217235,0,4
709,5,2.6409440651502716,1,11
319,4,2.270484842146912,0,19
923,5,2.7537064483939644,1,6
363,4,3.4415090494202145,1,3
888,4,2.9719360313609657,0,15
441,5,4.351668024753801,1,14
474,5,4.6005566744392965,0,13
765,2,2.878735413470397,1,1
601,4,1.9589919213945977,1,9
311,4,4.7807696778372355,1,19
531,3,3.940154572203691,1,1
588,5,3.5605083442155196,0,4
219,5,3.9816549344959036,0,12
673,0,1.3039271295876915,0,9
496,0,1.27050531055069,0,12
342,5,1.6124826103239496,0,13
905,3,1.5898038697621297,0,17
626,1,2.682681899397618,0,19
93,4,1.6296163291414567,1,7
917,1,4.418102577066386,1,4
132,3,3.3123877237121033,0,19
500,1,2.4730475854010057,0,11
171,0,1.2784901529010684,1,15
625,2,3.3641111838365005,1,19
8,1,1.4661312823685053,0,18
810,2,3.972881001610425,0,6
771,1,4.211032386975286,1,3
681,3,3.1759050318393647,1,18
320,2,1.5984114365634299,1,9
97,1,4.147450894961862,1,7
168,3,2.231311157037336,1,15
959,5,1.8906125710138393,0,3
310,0,2.8822265640737013,1,9
729,4,4.690584965531672,0,18
913,3,2.1894931682980947,1,15
911,3,4.622314003890481,0,11
342,0,1.2146132349593115,0,19
429,2,1.3340948200717873,0,1
931,1,3.794244100540988,0,10
857,2,1.7623706457927022,0,19
961,3,2.2664827327865016,1,12
555,5,1.5454919239223162,0,2
499,1,2.3289930765301934,1,16
772,4,2.1218399755698534,0,9
284,4,3.9453505559559345,1,7
637,1,3.8080935527561754,0,5
259,3,4.819708705713461,0,13
494,5,3.8976867406921634,1,18
354,0,3.7792710120855397,1,0
213,5,3.776815556250607,1,10
816,2,4.5318698225927045,1,13
199,5,2.1849469315022003,1,12
235,5,2.200368436775217,0,11
852,2,3.964855238819747,0,5
135,0,1.9148205486005097,0,3
889,0,4.64808001659188,1,8
947,4,3.139126900347544,0,6
627,0,2.200499712371327,1,6
964,1,4.10439971875993,0,12
916,4,2.2492825195011843,1,1
666,3,4.853113268287487,1,1
421,4,4.931956838899939,0,14
900,5,3.6671849678647845,1,15
340,5,1.454535559000917,0,1
828,4,2.05283539973317,0,19
903,2,3.0616678488642215,1,4
341,0,4.4057898003919265,0,1
529,5,1.7395459877681145,1,19
387,5,1.4176138360557293,1,6
3,1,1.2979099327561423,0,4
676,0,3.0278702494401877,1,10
638,5,4.538803878378824,1,7
398,2,1.1694369705755694,0,16
421,5,1.8492861359741384,1,13
410,0,3.773028063358007,1,4
212,1,4.303453740574861,1,3
559,0,4.229598117196678,1,2
557,2,4.140272229281324,0,6
557,1,1.5191992032533599,0,10
47,0,2.588950328731674,0,0
186,2,4.938978651326986,0,17
501,2,4.955550286352352,0,0
631,4,3.4097095678167517,0,15
643,5,3.837068818884537,1,12
970,1,4.8051351851412365,1,5
530,1,2.7997114449648417,1,5
952,5,1.547467431535173,1,13
786,0,3.6757955020643127,1,4
474,4,4.840409219602094,0,7
743,1,3.7888243754651776,0,17
41,2,4.213284508094951,1,5
603,1,2.6909952158824604,0,4
260,4,1.3858526165794043,0,9
47,5,1.6755283462069333,0,17
920,3,4.930619317741908,0,12
962,5,2.97273726797715,0,19
793,2,1.0480823607089995,1,5
585,1,4.821469122924695,1,3
727,5,2.991119647884212,0,12
445,2,4.345073593167351,0,17
220,0,3.193832568147574,0,12
620,2,1.4068091346990443,1,12
646,1,3.4622783285277867,0,6
939,0,4.989601105278437,0,4
342,0,1.1389511305837723,0,2
237,0,4.367176790060176,0,5
154,3,1.9419231826030598,1,7
937,3,2.5754648908487425,1,11
840,0,2.4908380470915814,0,1
55,5,4.595188777076478,1,10
386,5,3.0179447553273526,0,19
893,5,2.78869714733771,1,2
908,1,4.272100435347106,0,9
709,0,1.195628537219791,1,7
314,5,1.3458252603808951,0,7
37,0,1.0867554275051572,0,13
340,2,3.7519316160302028,0,3
850,5,3.102464548316725,0,14
728,2,4.504088503473131,1,9
230,2,2.9941316118904227,1,17
451,5,1.8872782910479766,1,14
341,4,4.220589492417664,1,18
452,2,2.1772954169304914,0,2
256,5,4.742759128608836,1,1
433,2,2.001695551408962,1,12
208,1,1.6708826114811473,1,12
200,3,2.9732959660427514,1,8
136,3,1.2020604718809733,0,2
639,3,1.1456469139304706,0,1
564,4,2.984058181021832,1,13
855,0,1.8604275231791503,1,15
393,2,1.0374105535807252,0,13
595,1,2.1842276457260867,0,3
720,4,2.9094694153863676,1,1
844,3,2.5771548058416927,1,15
796,4,1.5418778646416924,1,7
35,1,3.31869931132791,1,0
214,5,3.841331964590548,0,17
26,4,3.7021566486531814,0,8
657,3,2.57504768513309,0,11
17,0,1.550384604684456,0,4
629,3,2.9979470939628907,0,2
136,3,4.56172701974833,0,7
578,3,2.8748913957649314,1,15
902,4,1.7827241989663505,0,17
825,1,1.3722132123749216,1,11
974,3,4.775706552395518,0,11
29,5,3.9720376355076596,1,3
72,4,2.2518678908019294,0,9
122,1,2.181409624820698,0,8
956,0,4.5808739468903905,1,3
986,3,1.7102729392386045,1,0
227,2,3.140149158626178,1,4
337,4,3.8540171007172055,1,2
990,5,2.5855614078627585,0,10
272,0,1.1596093701723542,0,12
757,0,1.9110352548780862,0,10
436,0,4.6072325497694955,0,5
901,4,3.0924758673582176,0,3
38,1,4.26176498595188,1,6
920,2,3.2227421711624693,0,2
681,5,4.774408382849213,0,9
425,1,4.6365363022273804,1,4
314,3,2.9315521680416077,0,18
613,2,2.2730961017453977,1,17
805,1,3.406675149382441,0,16
508,3,3.699550726677894,0,0
926,2,2.9934203692025263,0,4
754,4,4.289132884380377,1,16
156,5,1.7333140871395312,1,8
871,5,2.3376473224961294,1,10
776,3,3.745505429465812,0,6
256,1,1.986735461550229,1,6
975,2,2.7593789787345355,0,1
869,3,4.854934186513171,0,13
854,3,3.5035038907462965,1,15
634,4,4.796228938564503,1,4
455,3,3.8897656129943035,1,17
46,2,3.8986670786686917,0,3
331,0,3.3674286947608225,1,11
9,2,1.5688343792589072,0,18
143,2,3.078857163545151,0,12
430,4,2.010664802013884,1,5
810,4,4.994690217405121,0,10
151,5,2.067847760404882,1,14
486,5,1.922743373845794,0,16
135,3,3.4955326204961783,0,1
586,5,3.0437952528785206,0,12
872,4,1.0854116530180566,1,0
25,3,1.5181327159698794,0,3
6,0,4.24417176731005,0,14
590,1,2.9347678205902423,0,15
14,4,1.5840608592920575,1,10
431,4,2.8609702513429345,0,2
898,0,2.0125963323296148,0,11
399,4,1.894365844449375,1,11
206,5,4.830901105780418,0,10
600,5,2.448098107430964,1,15
608,5,1.1857244186893565,1,12
909,0,4.881306690549211,1,11
215,3,4.179358299088632,0,9
501,4,2.017653226256634,0,10
458,4,2.6355673388215655,0,17
258,5,4.449158298380514,0,4
328,3,2.429654077293097,0,19
453,4,3.2696161680263955,0,12
798,2,3.1394274786584506,1,16
374,0,2.6051781945151986,1,11
463,1,3.5580076072548645,1,16
74,2,2.8931629492075452,0,0
241,1,1.0849219666958914,1,7
16,2,4.25753243059175,1,15
688,2,1.4526231310148772,0,14
258,2,2.8563597235654536,0,18
122,0,3.3196031637099885,1,9
978,1,3.8220242167731633,1,1
983,3,2.643186141151798,0,3
310,3,3.9421939481221258,1,3
110,5,1.525400338874281,1,19
255,4,3.613782193083116,0,11
233,0,4.305355710342812,1,16
967,5,4.557775891350005,0,3
496,5,3.318265983815557,0,7
867,0,2.251580792300149,1,15
39,0,1.6534260468545057,1,14
121,2,2.3822350115097795,0,13
449,0,3.159897492617759,0,18
726,3,1.785320895966242,1,10
807,0,4.810059622772371,0,12
797,2,4.588541715491638,1,7
792,1,1.131828779461725,1,8
518,5,3.2478471929215553,0,1
91,0,4.157235160986453,1,19
360,5,1.981567839736028,1,1
945,1,3.0955849295709754,0,7
122,4,2.623967529637516,1,17
336,2,1.7861850568723057,0,6
607,5,3.4589495355032907,0,10
512,0,4.974768701627324,1,19
602,4,2.4611490411197794,0,0
427,4,3.209516033057868,0,15
995,1,2.311418726486002,1,15
432,5,4.507794467209988,1,9
6,5,4.4584108016947726,1,16
119,3,1.715093551791881,1,9
386,3,4.599795496952243,0,5
349,3,1.6060348442242685,0,13
640,5,1.381759838501337,0,14
690,5,3.6117384628061275,1,3
97,3,2.54361642347958,0,1
933,2,3.122962373847483,1,18
42,0,3.6102831277498537,1,12
182,0,1.2113489511719395,1,11
696,2,2.1718126843639736,0,12
564,1,2.8436252470754684,0,14
739,0,2.0663496392237275,1,1
672,5,1.1958855371420838,1,7
234,4,1.3467062929242135,1,2
975,5,4.206991475014934,1,0
445,0,4.6455470368517044,0,10
869,2,1.6089332097217954,0,8
906,1,1.9970478291659428,1,16
199,0,3.6089976189242785,0,6
947,2,4.817087104369788,1,3
512,4,2.1983588365330844,1,12
525,3,4.420854504944005,1,4
989,4,3.0240985778015057,1,11
212,4,4.826234556323122,0,19
377,1,1.5450346497127652,1,4
788,0,4.894689592831946,0,10
545,3,2.763914511318032,1,1
485,2,4.811753561705046,1,3
985,3,2.834760868206077,0,9
360,0,3.1203285364823126,0,6
781,1,4.219100039109284,0,11
167,0,3.890514002957576,1,7
889,2,3.478413281669142,1,15
930,3,2.667920094358224,0,1
681,4,4.169753469598423,0,2
593,0,4.792913333157282,1,16
403,5,1.0392435877721073,1,14
827,1,3.3513803858106446,0,17
136,1,4.463923715913394,0,9
232,3,3.612450149382229,1,1
114,4,4.203317031333347,1,16
251,2,4.580244415395942,1,15
492,4,4.003804063412232,1,6
288,3,3.8680696054590644,1,18
48,4,4.858983565455674,0,15
451,3,4.454738631566291,1,0
515,4,4.261511478331095,0,3
890,0,1.3456134418875045,1,12
687,1,1.9561195325576715,1,9
271,3,3.227024097300358,1,10
430,3,3.838240419899255,1,18
25,1,2.2128595732019076,0,14
69,5,1.3733124524832934,1,10
292,5,2.244396747260991,1,2
405,2,4.084116722322077,1,1
233,3,4.509604117365493,0,10
230,0,4.651614593377371,1,9
262,4,2.515466716576591,1,2
937,0,2.490154299440786,0,4
797,3,2.626829883887164,1,14
585,2,2.503237877685791,0,3
120,3,3.6647864300288386,0,16
462,2,2.433293048527971,1,0
517,1,1.0813757464569833,1,0
23,4,2.756098402751487,0,11
705,0,1.896608264714351,1,9
679,2,1.1152285511384799,1,8
376,0,2.883371806136193,0,8
499,1,1.8238182367931723,0,19
910,3,2.8109672593589363,1,19
436,2,2.110999946441146,1,13
852,4,3.4148354811217327,1,18
721,2,4.963509547495837,1,9
644,5,3.1889276828466597,0,2
856,3,3.58758366757108,1,19
803,3,4.677103031004805,1,16
969,4,2.4960016709003665,1,2
498,4,1.6661937991423321,0,11
173,1,2.131189131722213,0,14
662,0,2.611179762858197,1,4
599,2,3.580070725023353,0,14
812,1,1.0183521177188841,0,19
508,0,4.413532859067937,1,15
777,1,1.3043758921993218,0,8
309,5,4.6026205956742015,0,7
69,4,4.797738084819596,1,10
204,4,4.960411176448536,0,8
340,3,4.238040737627511,0,15
31,2,1.5674221037606104,1,13
42,2,3.8246681729007452,1,14
117,2,1.813285162432706,0,13
888,1,4.588511342321616,1,9
14,1,2.266423702621379,1,12
321,2,2.3071839083001646,0,0
910,3,4.670613183659467,0,8
626,0,1.0529242831348182,1,16
336,5,1.775864605934279,1,16
531,1,2.6877290662538202,1,9
689,2,3.802886269240772,0,12
773,4,3.5902646641789415,0,17
590,1,3.6776475006685962,0,12
380,0,4.5200881136426565,1,12
510,1,1.4841216491730265,0,9
912,0,3.0886467848750816,0,19
119,0,3.901910756409954,1,6
25,1,3.544473771696658,0,6
533,0,2.79325647975707,1,8
712,1,1.0684583434886559,1,15
63,1,1.2418090625915386,1,14
459,3,1.4757653074153465,1,2
725,4,2.372911011341454,1,12
313,5,1.4706138106685875,0,10
982,0,2.7043292522504334,1,7
804,1,1.7145679623423176,1,5
589,0,4.116664790104824,1,9
215,1,4.485950466848863,1,16
455,5,2.5585900318727033,0,19
985,1,3.045327061262555,0,8
735,1,4.813984966243766,0,13
888,4,3.1420310213944815,0,19
539,0,4.9802928633737,1,12
991,4,1.5685239747682185,1,0
981,4,4.448905682386794,1,18
816,4,2.9888120106918614,0,8
712,4,1.0908564449986726,1,16
578,3,4.8888917657573945,0,14
472,0,4.860191598973431,1,19
358,0,2.5330833607315486,1,4
125,1,4.816568284343619,0,3
971,0,1.564038568954183,1,3
860,5,3.720440564482729,1,14
706,4,1.7677159475513382,1,4
936,2,1.9865889453393106,1,16
685,0,4.117349748810422,1,6
86,2,2.50943233826118,0,5
342,5,1.0285100113144847,1,14
822,3,2.656953696782378,1,19
977,1,1.912277282531838,0,13
394,1,3.733319654233165,1,9
483,1,1.7777947868940012,1,5
665,3,4.369014113745903,1,9
455,4,2.068372048432657,1,19
475,2,2.5721130331320547,1,8
209,0,2.192147443188392,1,12
524,4,3.575693391237463,0,13
675,1,1.4046541649055868,0,0
999,1,2.9123974907929764,1,0
766,4,2.3378192608602326,1,18
895,2,4.536551853153259,1,8
575,4,1.2936483742975695,1,4
306,3,4.318780259731419,1,16
75,1,1.6707219061196366,0,15
21,2,1.3543106397198206,1,11
59,0,1.809291432492032,0,4
385,1,1.4106119280472416,1,5
55,4,3.0839357928085023,0,19
167,2,4.952859811663125,0,10
411,1,1.1373094076970354,0,18
716,0,2.8445133972778454,0,5
864,0,2.544281316431447,1,9
770,5,2.3584256569856015,1,14
190,4,2.3274544417334435,1,17
481,3,4.580051026505849,1,6
918,4,1.0759046008336162,1,2
566,2,4.099665549520553,0,15
415,4,2.0117327152237667,1,12
339,2,2.5331820432702994,0,16
795,5,2.680599651394311,1,3
891,5,2.2189270162949737,0,18
775,5,1.3742354473415914,1,3
258,3,1.4573233953177391,0,11
349,5,2.192524496330577,0,3
600,4,4.287236211549002,1,16
436,0,1.5385106111496474,0,17
221,2,3.970559332583723,0,5
412,2,2.1554789177171507,1,18
349,0,4.533859740448371,0,4
481,4,2.7133139016025636,0,1
600,3,1.6868932531895022,1,10
976,1,4.9433778004420414,0,12
58,4,1.7065380769196463,0,4
151,5,3.2704792849290776,0,7
933,4,3.277145912384537,0,10
539,2,2.4912538047111195,1,3
224,2,4.805954370196524,1,17
317,3,4.375498249646927,1,14
995,5,4.319278243352969,1,4
562,3,4.8966077417179115,1,11
774,3,2.8284373527852673,1,3
278,0,1.3887431024801171,0,3
557,1,4.061823701799176,0,19
473,1,2.5232503178077352,0,8
845,5,1.7613806072140732,1,8
617,3,2.9329893728810137,1,13
795,2,4.702875760668653,0,7
23,1,1.6854280760585136,0,0
518,4,4.3947952609189675,1,10
367,0,2.6728197664604694,0,3
995,2,1.547207922812568,1,16
998,0,4.393529215954626,0,16
334,4,4.878481364765714,1,18
432,1,2.1650828633400465,0,12
2,0,2.2141448393682754,1,18
257,5,2.5621839321597326,0,16
262,0,4.256521457843228,1,19
120,0,1.0416687869579992,0,11
719,4,1.8958262069501375,0,19
20,2,3.8235992444253046,0,13
904,2,2.6225578019421043,1,8
139,4,2.32118249187251,0,11
476,0,4.48913155560807,0,16
791,0,4.6693356805849575,1,15
288,3,4.791944876664782,0,11
205,5,2.0902021306171865,0,9
42,1,4.650050438156428,0,1
849,1,3.9478622189091555,0,2
117,2,1.6168589939543225,0,4
4,4,3.4410801132328412,0,15
206,0,1.1053392772279649,0,12
634,5,3.8335126230834606,1,17
838,1,3.9342700906037535,0,1
344,4,4.157354034379989,1,0
141,4,1.6901002164897396,0,8
371,0,3.512999763790124,1,17
231,5,1.7154267393106175,1,4
163,4,4.786600333556703,0,2
546,1,3.700042770723338,1,4
363,3,1.381303392016223,0,11
945,1,1.7481289200232912,1,7
983,5,3.6538403925189913,1,7
334,3,2.9066819846384346,1,6
10,4,3.9451906648435138,1,1
407,1,2.1231551957026364,0,0
74,0,3.6316701473883075,0,0
299,5,1.707840672121756,1,7
946,4,3.1748410534441325,1,16
912,0,4.831198366199945,0,4
380,3,3.5128889291639456,1,13
709,2,1.199974470019666,1,7
852,2,4.955048550946508,0,19
775,3,1.6274653185954624,1,17
846,2,3.8722764107884204,1,6
885,5,3.1301201562567837,1,13
735,4,2.177442751217215,0,13
633,4,1.7092419417108364,1,5
585,5,1.7108094571068628,1,2
27,1,4.433598724832642,0,13
462,4,4.491650056653693,0,13
395,2,2.860582086498848,0,2
682,5,1.4144858516998955,0,9
977,0,4.53666041538716,0,8
375,1,2.9480659447003563,1,6
420,0,2.7550496914676548,1,6
363,2,2.629428097750481,1,6
894,0,2.4600566954368226,1,11
215,2,3.1040216144343766,1,3
830,4,3.4181649064468167,0,19
100,1,2.8657288142918236,0,12
757,3,4.586592653820178,0,2
92,2,2.270644914117989,0,19
574,5,3.3132474271471253,1,8
265,5,2.199815680775941,0,19
205,4,4.013400095170137,1,12
79,5,1.4084843973129426,1,0
36,0,1.7547959871813301,0,5
10,4,4.2048056397078035,1,19
626,5,1.7327903808781548,0,7
89,0,3.5029853847789605,0,16
743,0,4.880973807616788,0,17
18,0,3.091562455063863,0,3
563,5,1.749585785360277,0,11
373,0,2.28276418277055,1,15
785,1,4.293832305816952,1,17
93,5,2.406643652479895,1,9
31,0,3.8940454361192542,0,3
662,1,4.109400251536041,1,1
139,3,3.0047313889806566,1,14
569,1,4.1328535374655555,1,8
972,5,2.2676120177128576,0,14
20,5,3.064638586865623,0,4
148,0,3.746233055888562,1,18
220,5,1.6722925892175216,1,2
732,3,2.0944878695287588,1,16
753,4,3.6081464135746084,1,12
218,1,3.621440479318214,0,2
540,4,2.9732105858119158,1,3
974,3,4.182341427128482,1,17
558,1,2.9282196080199023,1,2
907,0,4.525289061654933,0,13
57,1,3.9436137234877817,0,15
424,0,2.258779453213365,1,11
274,2,2.581016033938222,0,10
139,1,3.6707467430793828,0,1
22,1,4.5778104752939655,0,0
900,4,1.714834930814035,1,12
377,4,3.0586541549679205,0,17
921,3,1.4751376852975069,1,17
372,0,2.117820621280525,0,12
62,5,3.7439254371729693,0,3
563,4,1.3109385409926468,1,0
777,3,3.6494343275553898,1,14
341,0,4.603244483781188,0,16
166,0,4.877481164073865,0,5
150,0,1.866528804102062,1,4
522,2,3.9955918264315033,0,0
987,0,4.705481794822119,1,15
606,3,1.365477243397744,1,13
583,0,2.656094433956821,1,4
500,5,4.6776390674886645,0,2
895,5,1.8111499930193204,0,2
998,0,4.735042735151367,1,11
559,3,3.1087682843511137,0,17
347,1,1.3995723301502228,1,8
271,0,2.79950926702206,0,16
429,3,2.305044781868265,0,16
942,4,2.128816642207233,0,19
606,3,3.165902302534735,0,17
232,2,2.9343707630074802,1,2
559,4,2.927868638480368,0,17
207,5,1.3525669244124612,1,14
452,5,4.209272724108546,0,0
738,1,2.925757261423181,1,2
500,1,4.283623314807497,0,6
920,3,4.298378566203802,1,9
588,3,2.2685412993921727,0,8
860,0,1.0173852152304494,1,8
218,0,4.644982709832474,0,7
871,5,4.0427787723449615,0,5
80,2,1.4290078272938844,0,0
548,0,3.8069081360124053,1,15
613,5,1.0800930746755224,1,9
702,3,1.111036276882794,0,10
540,3,3.10329295839137,1,11
825,0,1.3841497169453865,0,2
764,2,4.857346089939675,0,5
250,5,4.57532490660105,0,7
737,3,3.599248124991539,1,12
605,5,1.2548358833532531,1,18
414,2,2.2993410312282605,0,7
85,3,2.4868919916241756,1,12
621,5,2.9235193433147986,1,3
216,2,1.6756114960258088,0,2
195,2,3.3100465711887836,0,19
994,2,2.743082591636893,1,2
296,0,4.789187853571434,0,11
945,1,4.744780918500876,0,4
43,5,3.2618958213598894,1,5
392,2,3.577397343962141,1,17
442,5,1.5511858710949697,1,19
89,2,1.8932929553606863,0,13
986,5,4.602861616807639,0,4
154,3,3.79666369158294,1,10
977,5,1.7577207891323101,1,8
477,1,3.2808412242928915,0,16
620,3,4.739045001957796,1,11
58,3,2.3806844246476144,1,0
109,2,1.743281502076341,0,0
478,4,4.768101107636394,0,3
617,1,2.8450614411683968,1,17
898,3,2.668967994651066,1,16
732,4,2.070268799171001,0,11
774,4,4.5663411797885765,0,19
593,3,4.3824670675583,0,11
783,2,2.6119615977470163,0,4
48,0,1.1224531195883154,1,0
376,3,2.786605722024558,0,18
31,2,1.7234320663202132,0,6
485,1,1.5709362805955247,1,14
600,2,2.5723744475816943,1,13
939,4,1.3963077493785088,1,2
991,1,4.82985802772666,0,4
530,1,1.1901567271251272,1,5
2,0,2.6054785095949087,0,10
377,0,1.6508108081267796,0,18
571,3,3.7552452861150245,1,1
930,2,1.315245796858247,0,11
241,3,3.187222296834537,1,13
540,0,4.092405980807751,1,8
586,4,4.800239340195883,0,19
581,0,3.7941102518776506,0,15
594,2,1.397967030538334,0,16
356,4,1.3540821988565641,1,16
684,3,3.9263921941522635,1,1
922,3,1.8613176200138746,1,9
196,0,2.788957234532995,0,10
857,0,4.906484405405436,1,2
418,5,4.279627193615502,1,1
658,3,4.386373429200802,1,3
272,3,4.443079618912314,0,7
501,1,3.4781813604862317,0,18
34,2,3.9757356954499135,0,19
624,1,2.435843658537149,1,17
460,1,4.993784906291403,1,0
717,3,2.11848867861858,0,1
669,5,3.360029613214078,0,7
252,2,2.1282467132847733,1,9
633,3,1.4482842022402926,1,18
511,1,3.2703432593747066,1,6
47,1,2.413394683464559,0,16
184,3,3.332877070093551,0,2
490,0,3.2347139066599713,0,14
272,0,3.1690269165742464,0,3
612,3,1.4932044881861177,1,16
526,4,2.7607230974014283,1,10
127,4,4.248015757595168,1,5
209,0,2.2605739821785433,0,16
623,2,2.7753260211682607,0,9
781,5,2.975326361281072,1,0
141,1,4.4509252503669785,0,17
172,2,3.6223990769040757,0,13
864,0,1.400810139349256,1,18
677,3,4.460683943220085,0,17
446,4,4.328263901928359,0,0
118,0,4.014583922396701,1,0
714,2,2.8642320732753506,1,8
10,2,4.030181533943227,1,13
760,5,2.914968250571029,0,2
303,0,3.9464941373086515,1,11
759,1,4.520440659890145,1,16
153,2,4.562166340522387,0,16
322,1,2.8183142967498185,0,1
536,1,4.4373707174081165,1,5
976,3,1.4058295220308525,1,0
444,0,1.407277669947124,0,11
341,0,3.19306778746992,0,3
220,1,3.607378473825076,0,15
109,3,1.6119751039136108,1,19
409,2,2.888720179223972,0,10
417,2,1.3774506712636923,1,19
601,0,3.4083979422132415,1,19
504,1,4.420376147011392,1,9
776,3,3.950555904078095,0,7
39,3,2.513166209717085,0,1
508,2,4.975175186548487,1,7
458,2,3.651739905864547,1,0
262,4,4.260993737769916,0,6
669,4,3.6787895491669307,1,13
117,1,4.957665164348507,0,3
449,4,4.285439068871092,1,16
767,3,3.077692871581762,0,1
413,4,2.4675182513503593,1,1
707,0,3.7286193165953696,1,7
825,0,3.3608872352280357,1,6
822,5,3.5174023641101813,0,7
525,2,2.372047065135028,0,19
460,2,2.714913682282218,0,16
117,1,3.232386299562599,1,16
216,0,4.357133607687372,1,6
716,5,4.051635671051613,0,4
76,1,1.4746234820111614,0,14
420,1,1.9822170000775672,0,1
891,4,1.1066308997321097,1,10
171,2,1.0318422718623657,0,16
389,1,1.897501877120967,0,12
25,1,4.197283792037318,1,3
127,2,4.618990632697548,0,17
373,2,2.5670734635943924,0,13
653,0,3.2527943864267144,0,18
903,2,3.824210407821523,0,2
23,4,4.811746797006906,0,3
469,0,4.651728949189726,1,8
743,5,1.2287692135255197,0,13
422,1,1.9926633728371232,0,16
176,4,1.1965781758207084,0,1
852,4,3.4661696839562053,0,13
746,0,3.841973265890556,1,15
830,1,2.233133649426046,0,18
537,0,4.415407632532858,1,15
265,3,2.811251001645991,0,10
972,3,4.99352606038805,0,13
873,0,1.0015987703572997,0,6
628,1,1.4379588336742266,1,4
569,1,2.2071729717413615,0,7
269,2,1.1020303918148526,0,16
328,4,4.129357830953003,0,13
454,0,1.211087151485149,0,9
294,4,3.995918533175309,0,11
121,4,1.2102738351581976,1,4
158,3,2.0109090586121825,0,7
177,3,4.365107262634119,1,11
655,5,4.804381176950897,1,3
327,0,2.658105370642049,1,12
879,5,4.879755857250205,0,16
306,0,3.50752369503417,1,4
910,1,2.6633404897317257,0,5
88,0,4.211205375871668,1,8
750,1,2.1813140805608047,0,4
37,1,2.0631850454408736,0,1
872,0,3.626190707644297,0,2
590,1,2.56194944787238,0,10
856,4,1.5436721077799183,0,9
838,1,1.2678569411596352,1,2
345,4,4.151370304993909,0,8
251,4,3.7036429272093785,1,7
839,4,2.6471928984264133,0,15
977,2,4.584910540684227,0,1
148,5,2.6434270097703982,0,9
15,2,3.841181885861534,0,13
366,1,4.636461100829171,0,4
834,5,4.362861834833774,0,0
832,5,3.044419105358316,0,12
780,5,3.7225455697869307,0,3
117,0,2.654663106909476,0,8
703,1,3.588788689176456,1,15
316,2,2.0302097533815835,1,18
287,5,2.738968455078213,1,13
907,5,1.8381829504073561,0,19
350,3,1.152739810718192,1,7
296,5,3.354159402301489,0,9
193,5,4.4577173814031905,0,19
391,3,1.102313098492766,0,0
442,1,1.7841189629171836,1,19
280,2,2.84074023708168,1,4
900,4,3.6635872673690133,0,14
300,2,1.6849167746795457,0,7
897,1,1.2267793158824971,1,9
425,2,3.076194870907557,1,5
249,3,4.2748388522292355,1,14
933,5,1.1409396372510852,1,14
742,5,2.3974778014361036,1,9
514,4,3.654058971173341,1,18
685,1,1.522968024409868,1,3
751,5,1.9437871075710271,1,5
997,1,3.141970575145064,1,14
405,0,4.812926785456872,0,5
615,4,2.1493704729750243,0,17
800,1,2.9501096848828414,0,10
243,2,2.599723452257673,0,11
799,2,4.5895866881203204,1,7
366,2,1.2875594561244625,0,13
784,2,3.2645903653630572,0,3
119,1,4.384478796759776,0,17
849,3,4.952470308250367,1,5
439,4,3.7949019900872294,1,5
770,2,2.519741902666098,1,18
503,1,2.6472974101357756,0,1
581,5,2.4067288789710557,0,3
432,5,3.4144523992278137,0,4
182,1,3.957623082873004,0,14
460,2,4.277870254355724,1,2
758,0,2.6663724387326875,1,15
117,1,3.866834009036157,0,12
30,4,4.664890368119106,0,11
976,4,4.683299177802821,1,8
148,0,3.81611601085857,0,10
527,5,3.5476087712501445,1,7
272,5,3.126104302100027,1,6
863,1,1.7327906727285143,1,3
384,0,1.4945186104216739,0,1
879,1,2.942844027157521,1,18
101,1,1.6377766248298373,0,11
71,0,3.307999702677344,0,2
704,5,3.5828109212048727,1,18
833,3,3.102462390080163,0,2
622,2,1.1457068500504546,0,18
804,2,1.2309118352093287,1,18
407,2,1.4533647387259419,0,6
346,0,1.614583219953356,0,13
851,1,4.959530455077333,0,3
366,1,2.37798006745249,0,5
829,4,2.1678934945651447,0,13
788,1,1.2090665426569163,0,7
617,5,3.541281562742386,0,17
548,3,3.608763140525123,0,14
290,2,1.7017947583146587,0,18
421,5,4.676966163698452,0,17
180,5,4.201974186380509,1,14
654,3,1.9212772672300322,0,11
113,2,2.9433989236661495,1,17
237,0,2.8335634247953996,0,4
937,3,2.394081777369283,0,14
93,5,4.270538851302453,0,8
259,1,1.437057942484604,1,7
106,2,2.661256959311171,0,7
243,4,2.712124522196868,0,2
422,3,2.8749024184567187,0,12
334,5,4.445399964394515,0,12
22,0,1.872667480806005,1,11
872,5,1.411692694049091,0,14
270,4,3.471233851284432,1,13
985,0,1.6953378999121886,0,0
139,2,1.299728343418479,0,1
465,3,2.706596882284214,1,3
453,0,1.8785857234325638,1,12
383,4,2.4448664754719345,0,9
593,5,2.03884432040983,1,12
376,4,1.370545850893663,0,0
437,1,3.2413888116968064,0,10
855,0,1.1080736721579427,0,17
421,3,4.865501391977598,1,8
155,3,2.365322086939865,1,5
334,5,3.780630041959215,0,12
530,5,4.2414514901897995,0,4
580,5,2.1164191821582206,0,9
959,1,3.994954836440273,1,4
131,4,4.329683421698839,1,9
767,5,1.965268935246454,0,4
720,0,4.969978707584291,0,19
500,5,1.0827547313683574,1,10
521,4,1.8680019209421643,1,4
139,0,4.120083025107972,1,4
964,0,1.7765241002230114,1,16
134,0,3.793039453224826,0,4
766,4,4.422121619931614,1,0
811,5,4.836857090537041,1,12
406,4,2.896990061601078,0,3
769,4,4.8844364919284695,1,7
93,2,2.6464891867267144,1,19
883,4,1.872512158697543,0,5
240,1,3.055687412338901,0,14
748,2,3.5992929772459705,0,14
164,0,2.831853264199775,0,15
324,5,3.2678897758671663,1,8
659,3,2.6656367509087544,0,4
217,5,3.0990478160849992,0,15
939,2,4.810382687786246,1,6
619,2,2.999324610145328,0,2
230,0,2.012718531237041,0,9
581,4,4.034986486050283,0,15
732,4,2.3503378311261973,1,11
585,2,4.264828683285563,1,8
178,4,1.2273679559355406,1,15
79,2,2.3287119084347654,1,8
353,5,1.3774396330425578,0,6
670,3,1.3412712969833258,1,10
867,5,3.633558236689749,1,16
680,3,2.5413392054144297,0,9
825,0,4.48591576794045,1,14
900,1,3.0656205514941166,1,9
160,1,2.181372884689131,1,1
426,5,3.883555551848779,1,15
402,4,3.4960671663427987,1,6
31,1,4.198378483316814,0,14
120,3,3.57435310536754,0,16
726,0,1.668053668395681,0,12
514,3,3.681240150668264,1,18
384,2,2.5661967904632412,0,7
739,4,2.8525721210302724,0,8
424,4,4.686258302949379,1,18
475,1,2.439856185190988,0,16
559,2,3.447836571963355,0,9
166,1,2.453926933648958,1,13
388,1,1.378909941431167,0,11
332,1,2.814101368193202,0,19
522,2,3.3882460178386076,1,6
749,1,2.630013168150395,1,8
789,4,2.5626647387127375,1,17
752,1,4.281514055577588,1,6
470,2,1.1187406891578808,1,3
703,2,2.18234158696048,1,7
523,3,4.247029061508846,1,17
52,1,4.682120594444655,0,14
566,2,2.649198343363313,1,6
820,5,4.555176972784306,1,7
20,1,1.7957204885001308,0,0
18,0,1.8857082714406905,1,10
964,4,4.384765506339214,1,9
855,4,4.613030965362473,1,4
861,5,1.89122307185067,0,1
455,1,1.2372967598744444,0,1
321,4,1.361296548221151,0,18
826,4,2.045523341505453,0,15
432,0,4.04579630858718,1,10
993,4,3.0399673111851313,0,13
58,4,2.8223553689710785,0,4
150,2,3.3365597246640037,0,3
770,4,4.560892453848744,1,18
439,1,1.3617215182626303,0,9
883,4,3.7788965105463252,1,8
57,1,4.707163382621621,1,17
727,4,1.8534001670336,1,4
573,1,4.351089263847338,0,16
657,4,3.792098843038009,1,17
956,5,1.0578741442925788,1,0
893,1,1.9264467214485128,0,13
750,4,3.423379043583523,0,13
292,0,3.0096013579648466,1,13
181,2,3.1117450101074637,1,0
880,2,1.9277216984272907,1,3
606,2,3.7000138828345066,1,6
77,2,2.0656734837471076,1,11
960,0,2.5577398659138155,0,12
653,5,2.475663663520305,1,14
104,5,3.6881000884795943,1,19
260,0,1.3610110467328695,0,1
606,4,1.8221676041607409,1,13
222,0,1.8019882827402713,1,11
989,2,1.4336986964628404,1,12
483,5,1.8303799153458362,0,13
701,3,3.4282410716934173,1,2
128,4,3.9286726834967527,0,12
318,1,3.6412137878764907,0,7
706,5,2.9007525519235293,0,15
508,2,1.2097382843842546,1,5
19,5,4.836028042747101,0,10
810,2,1.6723058433499678,1,14
751,2,3.6736854816226834,1,18
234,5,4.651562461928444,0,1
596,5,3.7911083839239543,1,10
605,5,1.872198560755801,0,19
553,0,2.263185195056092,0,19
875,5,1.1208234680443807,1,8
349,1,3.451032963368454,1,3
452,4,3.4519719235262665,1,16
585,2,3.902002325505517,1,7
983,5,1.0439851571024854,1,15
876,1,4.271365155297866,0,0
508,3,3.9548438296012325,1,9
626,5,1.5635464380963553,1,6
422,0,2.3905064370759144,1,14
189,2,3.554099571616867,0,0
943,1,2.9831874997613115,0,15
124,5,1.4603770556050497,0,1
5,1,1.3493815005463596,1,2
457,2,4.125825196432366,0,14
890,1,1.6238684720712393,0,17
553,1,1.6883706957217743,1,14
569,5,4.323692501427031,1,3
938,5,3.4485585382528683,1,2
521,4,3.4188624326158896,0,6
88,0,2.91738308545336,0,19
845,4,3.2759800576091638,0,18
110,0,3.407078761487244,1,7
550,0,4.871304939374321,1,6
396,4,1.891893229870317,0,3
970,2,1.8582496788018363,0,9
678,1,1.2288739508212627,0,9
10,3,3.632795195237289,1,14
621,4,3.1961687232890474,1,17
496,4,1.444956815386559,0,9
15,2,2.458155740472749,1,8
32,1,1.7146528213248153,1,8
744,5,2.325926961603446,1,15
488,4,4.80505667757844,0,16
187,3,3.7332753555221156,0,15
735,1,1.0302764031805678,1,5
570,4,2.0100322951364946,1,4
457,5,1.0414461883111161,0,6
50,4,3.859473995074723,0,12
270,5,2.8776872082219134,0,7
463,0,4.976074767257558,0,0
42,0,3.934333044090633,1,9
538,4,3.0716517708315276,0,19
567,2,4.218821712832541,0,19
120,0,3.8192146049363043,0,0
624,4,1.9751047105439485,0,19
315,5,3.121033099310066,0,13
114,1,3.2239948993362835,1,14
620,5,2.8049267944312137,1,5
991,3,1.7167704914214479,1,19
453,0,1.893476206631548,0,1
686,4,2.1241896038238464,0,6
623,0,1.041020597512655,1,19
611,5,4.667775568678037,0,18
519,5,3.7443839663339156,0,4
958,1,3.7584692631378833,0,7
984,2,3.2893224552364853,0,2
646,4,3.7572432326442367,0,12
762,1,4.927450199494546,0,5
336,3,2.5406413505379732,1,13
239,4,3.850102347506255,0,6
733,3,2.438116017510113,1,10
385,2,4.417155194987304,0,8
144,4,4.4321144275601405,0,9
376,4,4.60906570169394,0,19
3,1,1.0218532969675134,0,16
793,0,2.1927657799843794,1,7
845,4,1.5356974048063843,0,5
327,2,2.8159447915606273,1,10
196,4,2.9817985707171912,1,2
388,4,2.023616171318622,1,5
639,4,3.8937859681802816,1,16
260,4,2.0790788687558774,0,6
602,2,4.415565501133434,1,5
836,1,1.7106374725671474,0,12
770,0,2.4689411790611344,1,13
933,2,3.4889510336972203,1,18
93,2,3.421340281853013,1,7
256,3,1.312116448020574,0,12
135,0,4.385034448763793,1,19
524,1,3.3922597337191007,0,8
979,5,4.479438194828674,1,4
709,1,4.4705423129114745,1,10
497,5,3.183674761500124,1,6
177,3,4.643125829245752,0,5
111,3,4.393631195253824,0,11
263,2,4.832491778247084,0,11
413,1,4.401993594237625,1,5
368,5,4.284815404004598,1,3
935,1,2.877441922707646,1,12
590,5,1.848124241511711,1,11
377,1,4.642834932301944,0,14
767,2,3.8901967457843027,1,7
585,5,2.126991456794081,0,12
382,1,2.36398289102257,0,10
672,4,3.7443140474288823,0,10
510,3,2.9112692334146835,1,10
712,3,1.325930247385473,0,18
880,5,1.565791782982628,0,16
819,3,3.9825947340492447,0,0
376,3,2.3142781139273234,1,12
544,4,3.0305977136081568,0,19
72,0,4.066485913014104,0,8
973,1,4.00470237482421,0,10
503,5,1.6680601075490955,0,8
351,3,1.3935754575961412,0,16
804,1,3.36460917186036,0,6
709,1,3.9665314957249582,1,7
324,4,1.5961596879816415,0,1
387,1,2.487821149309099,1,13
827,3,4.481111983870562,1,9
239,5,4.776892566241284,1,8
975,1,2.8162790437987373,1,0
73,4,1.318063736123332,0,11
30,5,2.0307858248095094,1,13
478,5,1.931879681262132,0,18
13,5,1.9558548821642279,0,10
716,3,2.975526821517,0,8
315,4,3.3329026067662846,1,16
67,2,1.4900383547197413,0,19
639,0,4.557424026113337,0,5
537,1,3.4798952931244593,1,5
919,1,3.3890069210720215,0,19
695,1,4.949115993537136,0,9
648,2,3.5125759099725014,0,9
290,5,4.71583659720474,1,16
617,5,2.145027889439167,0,13
974,0,1.9605179613859902,0,4
23,4,3.0660747472978125,0,2
414,2,3.0344357905466643,0,10
850,2,1.9059345979355875,1,18
961,3,3.7986226275997907,1,19
705,5,1.1185352769467731,1,18
680,2,3.7625218901978106,0,13
35,2,2.8287115444932005,0,14
100,1,3.756030043380316,0,2
545,5,2.908322522566076,1,2
888,3,4.90933513153878,1,8
38,4,2.338739804412471,0,10
210,0,4.930291748009553,0,14
741,4,1.2598957699159015,0,16
790,3,3.7350430990302264,1,11
591,1,2.8168768271396485,0,16
749,0,4.288550502118801,1,8
171,4,4.158464278867992,1,12
837,5,4.2008407315037495,0,7
441,5,1.3789543972100788,0,5
58,0,4.289462799445179,0,6
409,0,1.8561606297750437,1,0
533,0,1.102721055436139,0,9
364,2,1.8709548787376455,1,14
366,3,2.917140418799331,1,13
343,5,3.9684454396457283,0,3
749,5,1.8745299233314148,0,3
295,3,1.4520301923610854,1,8
340,1,3.583869020095769,1,14
605,5,4.93559214544007,0,11
755,4,3.4034812083424724,1,8
522,1,3.764229456493687,0,2
628,4,3.24466977498568,0,14
264,0,4.129393776914016,0,10
523,5,4.903217680837779,0,5
665,4,3.1765169176167394,1,14
37,4,2.6671620469709034,0,6
130,0,4.441372244640506,0,18
381,1,4.878913375039961,1,13
224,4,1.5167265634782718,1,3
142,5,3.3126838618955117,0,0
430,1,4.16983997018399,0,12
388,1,3.133357620625563,1,10
53,3,2.636787872771795,1,17
23,5,3.6209192845416824,0,8
394,5,2.080512378053393,1,10
632,0,2.3965349717534776,1,5
118,0,4.969106635525378,1,15
672,2,3.5458613374979815,1,4
982,5,4.491709193244299,0,0
585,1,4.231074052148574,0,13
184,2,3.6090902175760964,0,18
947,5,4.362916329835093,0,5
191,0,2.148633981734284,1,11
938,0,3.5484657952491934,1,6
731,5,3.3624139580959236,1,9
486,2,3.489678403173379,1,9
632,0,1.6745277085871009,0,12
720,0,2.1089721599922737,0,6
383,3,2.1466332751701565,1,18
811,4,3.407784650291053,0,0
345,5,4.890187521759144,0,14
472,3,4.816270204728593,1,13
675,4,1.9087582119587863,0,12
779,5,2.21938097226709,0,6
951,3,1.1442475691166685,1,11
2,3,2.5952623594375765,1,7
49,5,4.338696486721455,1,14
924,1,4.66300695594456,0,16
875,2,1.9459859182717745,1,11
503,5,2.063177893955357,1,12
983,3,1.8833992660350147,0,7
210,1,2.400414270298315,0,9
972,3,4.219037594362179,1,6
527,2,3.5874298795378405,0,1
679,1,4.1437636714548,0,15
282,5,3.3321244253412248,1,3
378,4,2.030932312236587,1,5
325,2,1.9119767208501766,0,6
297,0,1.0360028234549992,1,18
696,5,4.1239285474962895,0,3
137,5,4.3884849046588705,0,9
124,5,4.0731303985136655,0,3
933,1,1.297608230913963,0,19
391,0,4.048886508679464,1,4
401,1,1.1830698126010772,0,13
479,4,1.4223722628255646,1,10
400,1,2.761901491730669,0,1
569,5,2.9045880356993603,0,8
361,3,4.264474546474785,1,11
65,0,3.718107568163642,1,0
427,0,1.613280714524865,0,14
851,1,1.9045871329152053,0,5
713,3,2.142700753034747,1,16
520,3,1.4946905498194334,1,14
431,1,2.1505795454369228,1,13
934,2,3.9143926221589322,0,18
104,4,1.9656058804291319,1,8
88,1,4.341438588241546,0,2
600,5,2.8780679805008313,1,14
855,3,2.2917430449775553,1,16
5,4,2.6496724181954923,1,1
157,1,3.8379869623739657,0,3
378,4,3.067170812983961,1,13
329,2,1.0291146559002322,1,10
102,3,4.6892953863403,0,11
222,2,1.2639840120074068,1,15
401,2,4.754485395257543,0,11
682,3,1.1126112944802187,0,1
544,5,4.083917339829794,0,6
508,2,3.138698832733153,1,2
692,1,3.022904722416424,1,2
183,1,1.2911140101760181,0,12
914,4,1.9549800413516651,0,6
86,1,4.110189268260768,0,4
580,1,4.565039319689976,1,4
379,4,3.116474724211918,0,19
537,0,2.4133735854503815,0,5
412,3,1.2397728322568433,1,12
919,1,3.7287141042653618,1,6
517,4,2.1137864427451305,0,1
767,2,1.2200548599685872,0,8
693,2,3.6634069163944885,0,18
294,5,2.9428791741350335,0,1
259,1,1.0478485988068957,1,12
383,3,1.4436961564253883,0,7
825,4,3.7968077169837766,1,15
303,5,1.2546853322631542,1,0
315,5,4.463852259371961,0,10
745,4,2.2453051096797307,1,7
793,4,1.3546658817456985,0,19
718,4,4.039029512672261,1,0
76,4,3.097708937812095,0,6
679,3,2.2265601295171904,1,8
853,4,2.624393366677072,1,1
378,3,1.0856495824193035,0,18
460,3,3.650794150157716,1,5
55,3,2.463094755853778,1,4
806,2,3.856150278912519,1,12
80,0,3.5126845838101888,1,9
995,5,3.6050167436389517,1,0
678,1,4.1715708440177295,1,17
175,2,3.524632313505004,1,13
792,0,2.67490371696757,1,11
929,5,2.5597102469385424,1,5
382,2,1.4783284270594232,0,13
148,5,4.117773652624967,1,16
767,3,4.044433767018488,1,6
280,3,1.9851934683420938,0,2
344,4,4.450727650792579,1,16
789,3,3.356013031162513,1,9
790,2,2.914747369578269,0,2
408,5,1.0699852065019835,1,15
717,1,2.530964743457265,0,5
973,5,3.562683072942652,0,3
921,3,1.3589913507535338,1,19
999,5,2.838269235550193,0,8
29,0,4.973743805446384,0,6
729,5,3.86615454883627,1,15
421,2,3.1874835500064176,1,5
981,0,3.1321315397563065,0,11
230,4,1.1750603290327777,1,2
358,4,4.829257749631744,0,11
161,5,4.712710641140172,0,19
728,1,3.729618842701786,1,13
227,2,1.3960465987261998,0,13
844,1,1.8313355869977528,1,8
220,0,1.735638143502341,1,3
745,1,3.0783139404048754,1,19
72,0,1.8312154980079423,1,14
398,1,3.783202246176793,0,6
94,4,3.180919543877556,1,19
939,2,1.070632708170622,1,18
474,1,3.976228948142606,1,5
94,5,1.755314946615794,0,18
905,0,4.299540478722708,1,6
754,5,2.420181748491916,0,0
884,2,2.354478719926546,0,6
804,5,1.0472693431128421,0,2
774,4,4.950915931692069,0,5
123,4,3.4480173566874552,1,5
799,3,2.6909206647439627,1,10
499,2,1.3864856178453562,0,1
778,1,3.7965922566040673,0,5
943,4,2.1309218799677554,1,17
620,1,4.953123273502116,0,13
859,1,4.802189436597292,0,11
963,0,3.9411867152111544,0,8
47,5,4.8842877211318765,1,12
812,1,1.4225354498150513,0,19
94,3,2.119661442146181,0,0
476,2,2.0129731551647163,0,7
32,2,1.28805063383721,1,8
117,0,4.888906391885824,0,16
643,3,1.2398963465875754,1,12
250,5,4.426755615977319,1,3
302,3,4.0726456983073565,1,5
121,2,2.503468349885838,1,12
217,3,1.075229450519196,0,16
52,5,1.024383619927478,0,18
125,4,1.815975362775693,1,7
158,1,2.9755063201351724,0,16
670,1,2.8316399127406053,0,16
794,2,3.34117030625971,1,14
600,2,4.087837238643049,1,0
175,5,2.509418459440823,0,1
291,3,1.6414547820372696,0,19
944,5,4.200195667313696,0,9
158,0,2.3307627253248433,0,15
490,2,2.147527591173403,1,3
760,2,4.057248153716941,1,7
356,2,4.736557752332578,1,15
633,5,4.6598451280430275,0,6
236,5,1.5497697034287143,1,4
427,3,3.0126326138771984,0,7
124,4,1.3714811349126936,1,2
314,2,4.843903835625599,0,2
278,4,1.8609115435073575,0,17
866,5,1.7897182990630989,1,3
835,3,4.555542692025918,1,3
603,5,4.87140222048786,0,14
937,0,3.7905290371810265,0,14
104,1,1.4840201347968995,1,3
41,1,2.9434224421626953,0,1
396,5,4.2664203762464155,0,2
640,1,3.2899087348329807,0,9
459,1,1.5303794189133386,1,0
490,3,1.6875509980129113,0,17
564,1,4.45656670333922,0,4
167,3,3.1081166547499337,0,8
601,0,3.8233470950668496,1,19
758,2,2.492250104932259,1,5
173,2,3.129942331675366,1,18
371,2,4.908412561550767,0,8
598,3,2.3188121478725523,0,17
880,3,3.699154110033098,0,14
149,3,1.690022228780919,0,14
248,0,1.4869595410413332,0,13
626,4,4.134560445036119,0,2
179,3,4.376432839948663,1,7
119,3,3.673246781397662,0,18
27,2,1.6327833501779003,1,10
820,5,1.9623518625701544,0,3
116,1,4.644702832380446,0,14
702,1,2.1548161951990252,1,9
656,0,4.27544206478847,1,19
831,1,2.1437491556416064,0,10
261,4,4.757850277293738,0,8
653,2,4.657811651348013,0,16
625,0,1.1730526945151518,1,8
895,1,4.081655947469635,0,8
784,1,1.6778470409376283,0,8
37,5,1.861086503625526,1,1
196,2,2.839380849325903,1,12
524,0,3.3052725989978002,0,0
623,2,2.303198875881968,0,5
436,0,3.301533462216837,1,5
648,1,1.6826334853645464,0,15
683,2,1.0893506175241483,1,11
638,2,3.2848975534470526,1,14
873,4,3.0696610398492754,0,6
409,5,3.7586158563036998,1,1
332,2,3.599288247871298,1,11
530,0,4.589945520935822,0,19
943,4,2.8378744806461835,1,1
464,2,1.033477898771768,1,3
719,2,3.5226107263874162,0,2
157,4,3.7005297184128736,0,1
159,1,3.085979957583879,1,17
333,2,3.7572194809648627,0,2
751,3,2.294335252944611,1,9
375,5,1.5952332127643167,1,11
78,1,3.6582146558256263,1,3
843,2,1.9807457168621148,0,19
868,1,2.8252636371368194,1,6
842,0,2.9664909224465945,1,19
196,1,2.908798201873554,0,18
119,4,3.3937965747198233,0,7
759,2,1.1178148357034354,0,2
650,1,4.958729979720353,0,14
225,3,3.865241895754285,1,7
594,0,2.7015511271950507,0,17
409,0,1.7653201211609773,0,13
537,1,1.3207092897734252,1,18
639,4,3.6887616825044875,1,3
912,0,2.267822459834233,0,2
734,1,1.917913832999472,0,8
338,1,2.5198175484493337,0,9
555,0,3.3716923512308403,0,7
595,1,3.6868208667360047,1,19
918,1,3.5806802774181206,0,1
536,5,4.453062333967894,1,0
219,3,1.875029724280461,1,3
292,1,3.546984652788542,0,15
203,5,1.4044575047443764,1,4
879,5,3.1917387595967113,0,17
704,1,3.335833609958685,0,13
513,4,1.8649491957366946,0,12
201,0,2.5667725199649474,0,15
865,5,4.308771558335209,1,14
31,5,1.5936362150118537,0,18
88,4,2.738024790463361,1,3
201,2,4.7309322848458075,0,18
950,4,3.0164357107984037,1,12
689,2,3.900534847333148,1,10
704,2,4.307464158222204,0,17
671,4,1.8150974993819697,0,10
292,3,1.8728689421317295,1,0
715,4,4.034365824393534,1,14
752,5,4.013226952705604,1,9
114,0,1.2407332825584763,0,3
721,4,2.2899929627798574,0,5
221,3,2.594129967633752,0,1
908,4,4.316161613884615,0,16
181,3,2.6874490217189497,1,11
770,0,4.7037155616129755,1,4
468,1,4.98643110856256,1,18
425,3,4.122904662777398,1,5
973,3,3.6655467582690298,1,16
551,5,2.567588663948491,0,18
841,3,1.2681577842081335,0,19
833,0,3.292555025584522,1,2
59,2,2.4468196221759637,0,7
484,3,2.4035923033293742,0,4
10,0,3.7508370108377425,0,4
631,5,2.854557434386543,0,16
384,5,4.0083753790858,0,18
409,1,2.5926928907415165,1,18
41,3,1.6034535419462506,1,9
701,2,2.845390104760986,0,2
122,0,4.804050057301453,1,12
700,1,4.206098516466233,1,15
251,2,1.8229970202934669,0,11
972,1,2.5652020065797707,0,16
603,2,4.711168380882151,0,1
483,4,1.494796234906266,0,15
212,4,2.015800967459744,1,10
829,4,2.0488905834875855,0,0
713,1,3.283731502647934,0,11
267,4,2.642933278845291,1,5
666,0,1.3194826959851995,0,18
706,0,3.5167258183083425,1,4
539,4,1.3963114580806009,1,2
705,2,3.4256597279163126,0,17
923,2,3.028033520904103,1,17
734,1,2.9746746429012503,0,11
618,2,1.2699849811969193,1,17
660,3,3.5568817875341434,0,9
134,2,2.725281034357323,0,3
497,0,2.644424489142746,1,19
606,5,3.385805585674147,0,18
781,2,3.4249922397861896,1,3
934,1,1.0601331830479541,1,10
885,2,1.5009036048128266,0,2
125,1,1.9460728833788825,1,14
358,3,3.7119093333839164,0,15
502,4,3.30696450811843,1,11
840,3,4.030516529539015,0,17
982,0,3.962431222175428,1,5
317,5,4.412731476824603,1,14
11,3,2.5072594450896557,1,1
476,3,2.380255464733211,1,11
293,0,4.324061612213853,1,9
953,0,1.950406135468738,0,3
439,4,2.844689494694428,0,7
806,4,1.7773026080889989,1,14
853,2,4.6553629685568545,0,18
515,1,2.6312120523865015,0,15
815,0,1.8499475929233133,0,12
390,3,3.768053562275648,1,14
315,3,1.9785787128419146,0,13
679,4,4.774014412680893,0,14
7,1,2.470468059237646,1,11
507,0,3.6585628484073482,1,10
123,4,2.3809797246296536,1,2
371,1,4.228982331973895,1,13
313,0,4.587690964091103,1,1
184,3,4.151673437659145,0,17
546,3,4.3939960749100795,0,2
584,4,1.407523311750544,0,8
882,1,4.696258708132266,1,10
524,3,3.4972029155011213,0,2
38,1,4.476870128664799,1,4
83,4,3.7377470567416617,0,8
20,2,1.8073906741748416,0,9
252,1,3.438220406582706,1,5
302,5,1.363784958892564,0,5
978,1,3.7828921208726345,0,10
257,4,2.636004564322291,1,16
811,5,1.6069326924008358,0,1
999,2,4.916919263473656,0,8
541,3,4.604337696842725,0,17
982,0,4.574174853613015,1,4
639,4,4.155281225409011,1,5
822,0,3.7679245005740705,0,3
551,2,3.6203179211689807,0,8
460,5,1.424375350815421,1,4
608,2,4.602264941273816,1,3
223,1,4.5245135852184415,1,8
91,0,3.9914105060994136,0,17
279,0,4.70925983630049,0,10
169,2,3.212333805591968,1,15
795,5,2.7905693388702213,1,1
733,0,4.8717896086651145,0,15
628,3,2.856524751190624,1,18
247,2,3.5652977642686308,0,9
360,1,2.492248587433756,1,3
348,1,3.5453049040789115,1,11
865,1,3.8803959825027508,0,8
434,0,3.4986221011542016,1,12
405,2,3.058251764864791,1,4
600,1,2.2004431905009314,0,1
77,2,3.5753827045448934,0,2
457,0,4.633715581045451,0,7
585,3,1.0276503646786694,0,5
391,3,1.5357161097187615,0,4
13,3,1.4790926339994228,1,3
44,0,4.692821211571417,1,19
37,1,3.650990755850459,0,15
415,0,4.807152425880602,0,7
244,2,3.331253092849713,1,11
61,3,2.846931588637015,0,4
492,2,4.169371647257449,0,4
607,0,1.6437690699008982,0,12
322,4,2.5253524652692856,1,10
251,4,2.865096962136895,0,10
467,0,2.193833578048473,1,18
60,1,2.485142449633914,1,6
780,5,1.312420747697673,0,16
118,2,1.7919343577982318,0,4
86,0,2.3419868813237135,0,5
594,0,4.183561732932537,1,17
79,4,1.7299894193714556,0,17
227,3,2.3865614959368986,1,8
482,3,1.2596811527877407,1,17
814,5,3.228417379306424,1,18
622,1,3.445003552563711,0,16
881,1,4.462065853848667,1,8
309,5,4.276463994007856,1,0
582,1,2.141511818735522,0,19
947,4,1.547814756759439,0,17
484,0,1.624332728841615,0,12
839,1,4.875855772161778,1,7
24,4,3.6929032560294295,1,13
790,2,1.1702831512129572,0,2
201,0,1.5471170201803783,1,3
925,5,2.943200260403823,1,10
224,2,1.8313152171724791,0,6
778,3,4.2146359400000755,1,4
509,3,3.2928684702774595,1,1
930,0,3.4505288311571936,0,5
794,1,2.8513021921968473,0,19
628,0,2.024251101705262,1,4
578,1,3.357614452810186,1,14
558,5,3.867880184642927,0,10
752,3,2.4837923105206676,0,4
689,0,3.0197745224713413,0,17
519,0,4.358735881888133,0,7
182,5,1.5947270472898412,0,10
76,1,3.1808976770964015,0,16
425,3,2.3936506473169126,0,13
66,3,3.811179032868922,0,1
659,1,1.0752409726495786,1,6
493,5,3.681893199212755,0,17
684,1,1.4115909360647496,0,0
546,5,1.259071011974632,0,14
76,1,3.8984932038344517,1,0
915,3,3.561368611616294,1,16
791,3,4.579743723570635,0,6
696,0,3.0786198232025805,0,15
54,5,3.1200977021086684,1,1
904,3,3.828071342306202,0,14
605,5,2.2935903054130047,1,19
472,5,1.1476498216877302,0,10
655,2,1.9201833028762314,0,1
246,2,1.9520536475854664,1,10
438,1,2.3426354011127755,1,15
711,5,4.773850932161851,1,1
747,1,4.219371194652592,1,18
313,1,4.743824980820769,1,15
319,0,4.994438360452001,1,7
219,2,2.735116016348178,1,19
843,2,1.9082932667212185,1,4
370,3,3.2400166450209964,1,7
215,2,4.524537655792475,0,13
48,3,2.862927444058313,0,13
796,5,3.021597210289014,0,17
462,0,1.5377564237113068,0,4
117,1,2.681821970271044,0,9
81,1,2.5479792392343126,1,14
262,5,2.4067540114617985,0,12
588,3,4.549194679696799,0,8
722,4,1.2372057328493318,0,8
495,5,4.888588731589388,1,18
633,3,1.032987301092544,1,8
836,5,4.7823760557992365,1,4
601,0,3.192190011354174,0,5
769,5,3.809780977600463,0,9
672,5,1.748531398780493,0,9
175,2,3.616846156066428,0,5
804,3,4.52783067411093,0,0
88,0,1.5579205593346064,0,19
638,1,1.5083264490931598,1,12
984,4,2.215911636597891,1,7
358,4,1.6469035699015926,1,12
285,3,1.4425833923733884,1,5
296,5,3.713276143941167,0,18
259,2,1.8553064556499632,0,11
850,5,3.668059597607945,0,14
474,3,4.447716908463265,0,7
755,4,3.608099165652002,0,10
622,4,1.4774682796616037,0,8
934,5,3.29431029618978,0,18
535,5,2.5745147368462034,0,10
561,5,2.373483746889979,1,5
36,1,2.2741258745193287,0,14
180,2,4.717728895278582,1,16
764,2,3.970029826710911,0,11
24,4,1.53539515832118,0,1
348,4,2.904021918929855,1,3
636,3,2.2728923010156783,0,2
542,3,4.911753250183833,0,1
748,1,4.912115891812678,1,18
226,4,2.27813789733214,0,4
347,3,2.408452464581819,1,16
37,1,3.3976568285461823,0,15
382,2,2.9172280573100005,0,15
569,4,1.8524034886337657,1,11
235,0,3.6416486679544455,0,3
180,4,2.3365145755009538,1,16
113,3,3.6148659933286704,0,18
305,4,2.534726089311199,0,1
131,0,3.8008395754250865,1,4
347,4,3.671197883558602,0,0
179,3,3.035251023684003,1,13
414,2,3.8189599628433233,0,8
982,3,2.843862704928061,1,16
589,1,1.4645531986004916,1,11
731,3,1.7284250133494186,1,19
653,1,1.9839725366624514,1,11
384,4,1.2529157129027864,0,14
511,1,3.8455248825226804,1,15
42,5,2.4695609073264735,0,17
479,4,1.3740931853079892,0,13
117,1,4.2798324829023215,0,11
570,3,3.7346171378542996,1,10
60,0,2.8088969485108035,1,14
552,4,1.989701340370937,0,7
785,1,1.606983575171387,0,16
187,0,2.833496767020248,0,7
452,1,4.540982972042249,1,3
846,1,1.7535812930878798,1,9
186,1,3.2746369159659516,1,5
937,3,4.846743980889023,0,5
463,1,3.5484662990584517,1,16
739,0,2.7598589206234734,1,7
163,5,3.865491891755634,1,12
423,1,4.298311676074826,1,14
797,5,3.3620651915473685,0,3
101,2,4.48732943597197,0,14
982,4,3.0583670375029506,0,13
266,3,4.3201160088250266,0,10
635,2,4.808076961622781,1,19
152,2,3.0049738680940683,0,16
428,0,3.420006862341301,0,9
690,0,3.43787017179934,0,5
426,5,4.1257394543931625,0,5
577,5,4.291863360709691,0,0
610,3,1.108917264824243,1,4
942,3,3.9334382563615513,0,3
535,4,4.13526097852095,1,10
332,1,3.8017177578329475,1,16
760,3,3.8547826372923844,1,6
676,3,1.1656114367370778,0,19
895,5,2.7681546477956243,0,2
439,1,4.2727185988869625,1,1
605,4,4.736028565180415,0,7
970,0,1.917871682287739,1,4
854,4,3.3167797614111802,1,4
123,1,4.217320958202334,0,9
301,0,4.009630571436743,0,11
667,0,3.4755604679203165,1,16
348,0,1.074764753048001,0,13
248,4,3.8955433604462635,1,4
947,5,4.092970013115259,1,4
270,1,3.89139802650254,0,5
428,4,4.063236645959827,1,14
569,4,2.723659570715441,0,4
706,2,4.975008583701564,0,7
712,3,4.083147663490635,1,0
583,4,3.314720021119942,0,2
246,2,4.736765078986496,1,18
480,5,4.632793357832073,0,14
97,5,4.25826826133706,1,3
328,1,3.2547796759350653,1,1
592,2,3.108404076586854,1,16
424,4,2.314831727898083,0,11
576,1,2.0035119164157935,1,19
423,2,3.049438067900346,1,7
4,4,3.3111270468478953,1,4
989,1,1.9781057258353822,0,9
458,1,4.690404974613915,1,18
795,3,3.229095986937274,1,8
805,5,3.1060213015285862,1,15
592,4,2.742553553464561,0,0
497,3,1.2322851828674422,1,14
86,1,4.5296053378393974,0,1
401,1,2.267976905772119,0,13
292,2,3.5698413378731777,0,15
922,3,3.4297342358801415,0,9
280,0,3.337947301538107,0,11
196,4,3.1028488080463363,1,12
763,5,1.7257593337253123,1,19
82,3,2.122422964191862,0,8
26,1,3.0967522850812004,0,1
844,2,4.157369806387704,1,18
693,4,2.7279558826016745,1,14
134,5,1.8156902121845233,1,14
89,4,1.3517776992217039,0,0
205,2,3.652044013976097,1,17
26,1,2.6933598824846583,1,6
377,5,1.5014835704905676,0,9
570,0,3.697867519947935,0,8
583,2,1.8303149234174927,1,18
414,0,3.0360641932147083,1,10
226,3,2.224751900307442,0,3
602,4,4.726760257736002,1,0
67,5,1.9131522650846624,1,11
361,1,2.679674086168114,1,0
259,0,4.837974387312023,1,16
657,1,2.2749007197532616,1,19
62,3,3.5783726520440005,0,8
854,0,2.266908174825301,1,7
991,1,1.442699916468996,1,3
971,1,3.510188930737171,0,7
691,3,4.664126141141361,1,9
979,2,2.8102586689363673,1,17
622,5,3.5047061707698686,0,14
702,3,3.4355936530264923,0,18
940,0,2.6603588105115037,1,19
907,0,3.459586555058922,0,10
391,4,2.037272337675889,1,3
245,1,2.5121516184122084,1,8
277,5,2.7692754254495004,0,7
346,0,4.456034734249922,0,15
936,2,2.3933315793330197,1,12
371,2,3.5405481924633055,1,4
808,3,1.8536153496755947,1,12
848,0,2.010278916215707,0,18
122,5,3.5937155018399105,0,1
56,5,4.0492397094664145,1,11
159,0,2.848468706105126,1,8
126,4,2.340398787111066,1,0
736,4,4.64108622372909,1,13
606,4,1.5432312601961709,1,6
310,0,3.8828569505973882,1,16
517,3,3.7606829989884116,1,13
934,5,3.7609806509111765,1,16
264,3,4.741681777694097,1,1
745,3,3.9127612039231687,0,8
287,3,2.2062607576383364,0,14
419,2,2.413636896929237,1,15
895,0,2.564443892799577,1,8
527,1,1.1232346963924242,0,3
139,0,4.654041261633028,0,14
808,3,1.2942104154592156,0,9
706,2,3.7991771283898865,0,6
697,2,3.920644019373247,1,5
986,0,4.374860202522159,1,14
474,1,3.21344902238209,0,1
904,3,3.9010576954261476,1,14
636,2,2.2108916978638042,1,17
528,3,3.98233604365116,1,13
877,3,2.3736629490475436,0,17
388,5,4.611353913706784,0,2
510,3,1.6535272310655311,1,19
537,4,2.263029242695814,0,13
212,5,2.9950778062205226,0,5
896,3,4.103402228592391,0,13
512,3,3.9951964204121277,1,1
802,1,1.842867497298014,1,15
264,5,1.5769427864471854,1,15
342,5,2.215878417176393,0,16
37,1,2.93501660670361,0,15
232,4,3.1560201793030025,1,15
259,5,2.7165503638211166,0,7
307,4,3.652360466592028,0,5
402,3,2.7102357743889507,0,17
996,2,4.785316039755179,0,13
260,2,2.043875391926144,1,15
475,0,3.509488482680379,1,7
749,2,3.445511754640527,0,17
105,2,2.126298887529136,1,13
246,1,2.646750498056109,1,16
303,0,2.4618944777598832,1,7
342,0,1.6899962400819573,0,15
446,1,2.909180850526176,1,9
37,2,2.5466490120873657,0,9
819,2,1.7132694402686375,1,17
854,0,2.799520181671046,1,17
45,2,2.6873758730349566,1,8
721,0,1.525462710637839,1,0
604,2,1.5247501676720434,0,15
219,3,3.5900295193827896,1,9
255,1,3.8263232188684158,1,14
136,5,4.764721679635619,1,4
230,4,1.3480187618443993,1,16
817,3,1.471445969513014,1,8
713,2,1.207272513871644,0,5
577,4,3.12891372302772,0,1
972,5,3.490986457180906,0,12
37,3,2.6140938077286306,0,17
154,5,4.1916088838445305,1,19
502,1,3.7467977440152005,0,3
104,4,4.94336168378744,0,9
254,5,1.5515799331987146,1,10
403,4,1.2332626573700054,0,12
487,1,2.0992148222775513,0,16
957,5,1.0762007812673762,1,10
457,3,4.73044571146605,0,3
527,4,2.2158066347527017,0,13
590,5,3.2097206678858354,0,2
524,1,2.2722785315149676,0,11
369,5,1.983234487955294,1,3
101,5,1.60945889589952,0,15
915,3,2.2814636813165423,1,6
663,2,3.4616757216318983,1,19
689,0,4.886484798750111,1,18
902,2,3.2323681614685977,1,17
598,2,3.1308362643960206,0,8
599,0,1.1410520724205875,0,10
540,5,4.360396062670771,0,18
511,2,1.179365499990293,1,16
388,2,4.624929096413917,1,17
362,1,3.1546869014268717,1,5
930,1,1.6738664209361418,0,2
832,3,2.806829568025835,0,13
611,4,4.979937922732793,0,8
114,5,2.220331408176372,0,2
721,3,2.0778390741943147,0,1
965,1,1.4720235801700237,0,18
342,1,3.3885693951633553,1,5
73,0,1.3569079960558517,1,2
134,0,4.064032255216309,0,8
939,1,4.676894057322232,1,17
967,2,4.7274844448619975,0,6
780,3,1.4316650115097511,1,1
861,1,3.233050389411875,0,0
977,5,1.3884394196086665,0,4
589,1,3.288064565937189,0,2
970,0,4.259922340838324,1,6
379,3,3.1511606492131388,0,5
489,3,4.488215304426724,1,0
124,4,4.206697419397511,0,18
37,1,2.1061933997597135,1,19
780,4,3.5204091315297665,1,13
309,0,1.0296485059045257,0,9
105,4,2.5841676636994575,0,1
555,2,1.9518406711371807,0,10
224,1,4.748465383773945,1,15
241,1,2.62155604689264,0,16
396,3,3.6162577136899223,0,4
152,4,3.927926437094429,1,17
535,3,4.09285015472603,1,15
635,5,3.9431007680701153,1,9
796,4,2.156660243950939,0,5
995,4,3.7442707869168883,0,7
965,0,3.196037929049133,0,5
401,4,3.3894906591900753,0,3
859,3,1.0032584692350195,1,4
772,5,2.033030403811426,1,5
145,4,4.722734786862622,1,14
190,4,2.160304333222903,0,5
892,1,2.7520620889985703,1,18
676,1,1.7466959287829642,0,19
582,5,1.554410207614759,1,7
950,1,1.8346758745548204,1,12
200,2,3.214589315467892,0,3
866,1,4.676114605560432,1,16
11,2,2.304796719584761,1,13
51,5,2.293631808831884,0,17
952,2,3.256562347547473,1,14
767,5,2.426970870772541,0,18
301,3,4.641664191935952,1,10
871,1,2.5113921705690476,1,6
299,4,2.961769010077868,0,0
998,0,3.1335571358816434,0,2
919,4,4.128271180521885,0,18
520,1,3.2556237576595346,1,0
139,4,1.9566204005892964,1,3
99,1,1.4959488265054692,0,10
484,1,4.751098186755856,0,6
136,4,4.20625197855643,0,6
870,2,1.091860841155663,0,13
365,3,4.28611593729419,1,14
883,3,3.362391175619075,1,4
533,3,3.0755769401397735,0,13
506,3,1.0489167160942356,0,12
656,0,4.123456225537661,1,19
160,5,1.7922600569650005,1,17
760,1,3.911924852776316,1,0
174,0,1.063472989463269,1,12
87,3,4.185414598664744,1,19
398,3,1.0921578734201622,1,6
988,4,1.9435716162900762,0,5
479,3,2.0731128500508538,0,8
544,1,1.6300345524277056,1,9
476,3,2.924232784781476,0,2
782,3,2.1347518384668356,0,6
282,0,4.973151902909027,1,10
737,1,3.3198751734617558,1,11
956,2,3.265911300216962,0,11
451,4,1.8834785204258209,1,12
623,2,2.6347577548596455,1,7
81,5,1.49591197744,0,3
212,0,4.050117009001545,0,19
815,3,2.3246369846139077,0,0
519,4,4.007863333572841,1,5
133,5,2.4867839997179018,0,1
446,5,4.955028960459382,1,13
117,1,1.6844864890184872,1,17
595,4,1.0060955755333252,0,9
769,5,3.379302165513543,0,0
242,0,4.811812800351353,1,2
748,3,3.5882162196239173,1,19
149,0,1.3428940909927238,1,3
885,5,3.1619215298649017,1,17
532,1,4.637947744550909,0,7
645,2,1.026024271520051,0,8
378,3,1.6676488513511951,0,18
607,3,4.258246224410465,0,1
965,0,4.575628426309931,1,8
524,0,3.8286424834730837,1,2
512,0,4.966240654559283,0,1
661,5,1.3608637183462773,0,6
116,3,3.182706063346241,1,16
663,0,3.739978890590345,1,16
575,4,3.8105788814763515,1,8
936,5,4.17393846137673,0,0
989,5,4.670504180397533,0,0
661,4,2.4465657824684586,1,7
316,4,1.1718535712305433,0,16
875,5,2.449767657923833,1,7
11,3,3.6864590535489397,0,18
89,0,1.853824349334574,1,3
387,1,4.239891806234842,0,17
82,0,1.8790578308913233,1,12
975,3,1.0402536095206933,0,6
761,4,3.0323230968943173,1,2
895,3,3.90584628561448,1,13
395,0,2.398621362147336,1,8
544,3,3.995583198147147,1,2
660,1,2.753617336484033,0,6
639,3,1.6868584692269417,1,14
99,2,1.3622335751958197,1,3
456,3,3.8423486596293897,1,4
998,0,2.5428591504115112,0,8
873,2,4.651095071695082,1,2
327,4,3.161020234295799,0,15
723,0,2.3937296728828104,1,15
73,5,2.3959637079588925,1,18
95,1,1.5257514578105966,1,8
91,3,3.3751566143566265,1,19
329,3,3.3286685416412887,0,0
839,0,4.1999747677459744,0,16
947,3,1.8047878498683043,1,11
174,3,2.1631585699033096,1,8
736,4,1.3889518763823268,1,4
314,3,2.181368809075627,0,14
686,3,2.712408463017603,1,12
567,4,4.856113623815935,0,18
496,5,3.6122640114996534,0,2
268,3,4.131495719116781,1,1
427,5,2.3020395408819607,0,12
34,4,1.5780512512323859,1,6
118,1,2.0268797676533192,0,8
370,3,2.0258707639972844,1,9
924,0,3.3324613131737086,1,0
567,2,2.3658845298201148,1,15
900,1,4.429595457333115,1,10
450,3,4.9541780769459915,1,7
308,0,2.373193621053794,1,12
356,2,3.820241094748043,0,15
375,4,3.629946327681475,0,2
827,3,1.777849950929126,0,12
104,5,4.672034379282536,1,16
389,5,1.797770348753605,1,5
175,4,3.947828526678795,1,9
105,1,2.39043856909725,1,8
591,5,2.4683262680358853,1,17
162,2,2.8217962115558413,1,16
913,5,4.458031912220559,0,6
266,2,1.5610077660448485,1,1
562,5,1.2182783113390157,1,10
888,4,2.6081632756551256,1,17
278,4,1.2223403965683524,1,2
302,5,3.750403532229762,1,13
586,1,4.041300300108853,0,19
954,0,4.4188495790130355,1,12
952,5,3.9753689819343876,1,16
860,3,4.665405574770716,0,10
126,0,3.9932044908928885,0,6
245,5,4.744302559513606,1,2
823,2,1.7724431768374527,0,2
233,3,2.999452531470921,0,1
666,1,4.975722398819634,1,15
584,0,3.7263127301708625,0,10
930,0,4.51456447195703,1,13
438,3,1.121575175331421,0,2
136,1,4.487031594273749,1,6
785,5,3.7908529382883907,1,7
555,1,1.6830217359508426,0,12
758,5,1.1027238256943863,0,18
148,0,2.0397063125026116,1,10
55,5,4.663093435971081,1,0
687,0,3.672531754801146,0,18
355,4,4.677876417133297,1,12
256,3,2.7846031299770377,0,16
922,1,4.7465083809409645,0,8
812,2,2.8518392617800226,0,18
62,3,1.817018897673338,1,18
825,5,1.6055738567377893,1,5
935,4,4.975247252140177,0,6
62,3,2.3354506458982836,0,4
805,0,1.6402121012703508,1,7
28,3,1.0336337235630086,1,13
551,5,2.1422782661184896,1,17
658,3,4.556464574410156,0,19
599,3,3.1360372827092067,0,2
567,5,3.5297402060998198,1,7
299,2,4.689564415562131,0,13
704,4,3.051359672428117,0,13
611,3,4.3531193834104585,1,6
214,3,2.2953331123054146,0,5
140,2,4.90840745136488,1,5
925,1,1.3152554940498096,1,11
506,3,3.8993181020530585,1,14
560,5,3.6422651470411775,1,18
498,5,1.7666860234032677,0,3
626,3,2.555375995386144,1,2
501,1,2.2513164671080257,1,12
740,5,1.3779714733299815,1,15
763,3,3.339152091803365,0,12
586,3,4.974679382260662,0,9
190,3,3.238352564213557,0,12
710,4,3.181039627517448,0,7
674,5,1.1612548294181932,1,11
650,0,1.5568808934547618,0,7
48,4,3.052876356409044,0,8
362,1,4.940714256736285,0,9
878,4,4.5064309418474355,1,6
626,4,2.36083648549267,1,2
679,2,3.17201701691251,1,4
495,1,3.2108088890165467,1,2
276,1,3.7414424510487327,0,17
46,1,3.751128164956554,0,18
770,4,4.159169953543895,0,9
925,1,1.0998840993587296,0,8
215,5,4.774720762549784,0,6
229,2,1.2802481839569864,1,0
638,3,2.9046404459077597,0,9
322,4,4.678317105436171,1,1
829,3,2.950675316924319,1,5
420,3,1.2545473369324673,1,5
224,4,1.9169600792477568,0,7
661,5,3.314667021473691,0,17
286,4,1.3514464715958763,1,6
45,1,2.694711724069186,0,17
971,2,2.3163730647656195,0,0
812,4,4.260830511296958,0,13
13,3,1.4405277533417968,0,19
632,4,3.731193800635145,1,6
907,2,2.6263562835036365,0,19
374,0,3.3510027218893144,0,6
702,5,1.822127087682179,0,3
986,3,3.438814739046502,1,4
332,0,3.695910909664451,1,0
855,0,1.2809262586443113,0,19
165,2,4.297377070331748,0,2
506,5,4.4450164515529655,0,12
116,4,1.2542162227311788,0,6
942,0,3.412749952389143,1,5
635,1,3.376045987888908,1,5
565,4,1.0498336474737733,1,1
438,5,2.3693856558238053,1,15
303,3,4.8757031308549905,1,5
456,4,3.221803009074972,1,7
967,2,4.73284721096602,0,10
868,2,3.702578543509536,1,17
270,3,1.1135620728931057,1,5
710,3,1.3108527921935682,1,13
215,3,3.8887158214696917,0,14
112,2,3.2182711614760775,1,10
15,5,1.5086066583995028,1,14
215,5,3.456250713414465,1,12
426,4,4.241149442272785,1,5
134,0,4.011929720530448,0,3
42,0,1.984649840128268,0,13
763,1,2.0327798666241756,0,12
283,2,4.871351220408455,1,9
833,3,4.549619208610865,0,11
97,5,2.273349257723488,0,7
59,4,4.296217958676033,0,19
229,5,1.6469541189301817,0,4
895,2,1.7873644053062576,0,1
642,1,1.7247842153813813,1,19
384,5,1.3508831000540606,1,11
158,0,4.418712464645422,1,5
823,4,3.3152275928183013,1,14
470,0,2.0358243699757543,1,17
595,4,4.3946201309103765,1,17
207,3,4.2105870375712815,0,9
173,4,1.4038060725110224,0,6
799,3,3.5765574949398875,1,9
80,2,3.8873344061030823,1,4
17,0,3.8633093479438556,1,15
707,4,3.89257083141575,1,18
290,4,1.6778311425961494,0,2
359,1,2.2603458170750774,0,6
867,0,4.37671403401785,1,18
278,2,4.593567000910198,1,11
974,3,2.116755546259481,1,9
396,2,1.0920780647110098,1,4
973,1,4.439067788664433,1,1
765,2,2.5083673513003304,1,2
141,3,2.3178542238397455,0,13
676,0,2.3879987187545026,0,14
516,5,2.662785695870566,0,19
250,1,2.5130664866196843,0,12
661,4,3.2657235965342415,1,16
539,4,1.3157611139927607,0,19
236,0,4.8861607772340605,0,3
131,5,4.745804137888645,1,18
305,2,4.737626586461997,0,14
357,4,4.517110496327653,0,14
284,1,3.641305208726919,0,8
292,5,1.8844342509937295,1,2
162,3,1.1979339485854892,1,1
915,2,1.3972842591270664,1,6
418,5,2.2959700018624223,1,8
738,3,3.015532101983142,0,4
467,5,4.973012284739176,1,16
641,5,2.7417739671783967,1,2
883,2,3.098584361965507,1,8
569,1,3.7806289887523223,0,7
506,3,1.722935881791185,0,8
657,1,4.731308006249023,0,16
477,3,3.116138423370937,0,7
361,2,2.1050253824070744,1,13
311,1,4.740435945355362,0,15
633,2,3.5018024742358005,1,17
703,5,2.9347589249968418,0,16
244,5,3.3206236398430966,1,6
476,2,3.9932088756209065,0,19
614,3,1.6181520147718134,0,14
890,5,4.459321722812901,0,6
435,3,4.838027241192852,0,1
249,1,3.267998607000298,1,1
21,4,3.7290833871903923,0,6
476,5,4.439333923384963,1,18
571,5,2.499242525666002,1,5
749,0,4.9713271795295935,0,11
905,3,3.7220054772275906,0,14
851,2,2.6959947934319284,0,12
510,0,3.7093519000065087,0,6
895,1,3.0867201300537457,1,6
335,0,1.4465662861534607,1,14
645,0,4.183461219077274,0,3
848,4,3.2575023210117284,1,2
773,4,4.183382231495555,0,0
341,0,1.6196477614698632,1,6
337,4,3.1534286272031027,0,8
479,4,4.066497088851651,1,0
923,0,4.953218270363193,0,4
41,3,4.537589105541034,0,14
73,4,4.457398508242557,0,3
808,0,1.989840552585592,0,9
830,3,4.35193840683619,1,1
21,5,1.6771251101718523,0,6
219,4,1.7924306581937341,0,18
78,0,1.440466974973888,1,5
234,4,4.430386122855149,1,14
156,3,1.4330179858052747,0,19
326,0,1.5524459189800401,1,11
113,3,1.9835486003295433,1,10
801,5,3.290649636482564,0,2
607,2,4.520720741201613,0,19
641,1,2.6729126210222725,0,16
921,2,3.1851437967671408,0,6
620,4,1.665957599829012,0,17
586,3,2.0637834235911665,1,16
984,0,1.5357030499430997,1,15
274,3,2.639675379468359,0,1
380,4,3.3613426347127695,0,4
19,0,2.1360781201338166,0,12
672,2,4.3839834222991705,0,10
208,3,4.924953404026537,1,0
883,1,1.480619409258324,1,2
605,5,1.0714402240612966,0,17
593,5,4.159107629579135,1,3
863,4,1.7625707112133795,1,8
615,4,2.412586370643436,0,10
748,3,2.5769248731032413,0,16
771,2,4.666397555603778,1,10
159,2,3.635352863064648,1,2
914,1,1.162437961211563,1,18
898,1,1.0592409628566184,1,19
997,3,1.7982723901211206,0,10
859,0,2.2726877634908456,1,13
572,2,2.9380953363463957,0,5
37,0,4.351357649235422,1,18
117,0,2.259271024139038,1,14
389,3,2.506148877086621,0,10
823,1,2.3173517200386304,0,17
679,0,1.0358613441316225,1,3
376,3,4.820806156472479,1,18
848,1,1.5559835365458952,0,2
873,0,2.150669912812988,1,11
375,0,1.5172132083857672,0,3
580,1,2.9621726246268905,0,11
594,5,4.7286644597699965,1,0
746,1,1.402802870501945,1,15
41,4,2.7635876943539843,0,1
610,4,1.0894993830863138,0,2
469,3,4.083592885544593,0,15
983,3,3.5649045742177,0,9
457,2,3.7987946548286007,0,8
129,4,2.889345443582931,0,13
27,1,4.630532118225624,1,7
744,4,2.638229803490438,1,1
740,5,3.056340299148308,0,10
628,3,3.7811568890825176,1,1
912,5,3.08224256438184,0,14
325,3,1.7573425916653118,0,17
508,5,2.268282472179648,0,4
618,3,1.369177872555221,1,6
890,1,2.730453988869191,1,18
324,5,3.437568372345312,0,18
806,0,1.4741197770765626,0,15
902,3,3.522348485880516,1,18
159,4,4.571488559008437,1,16
515,0,2.3508949319420784,0,12
660,4,1.8881323848752793,0,7
745,3,4.572024255367612,1,10
253,1,3.7677809435901946,1,17
927,0,1.4215794722262154,0,10
247,0,2.63244780824693,0,8
849,3,3.696358399018195,0,13
352,5,3.297535499901819,0,1
397,3,3.474188477399492,0,16
581,3,3.2685406958957044,0,15
202,2,4.192245461219561,1,4
301,1,2.2817078271879145,1,0
147,5,3.833849391597452,1,8
220,1,4.9643177699771375,0,2
697,3,2.5598354311247213,0,13
866,2,4.164193258219172,1,17
847,3,1.9844369485446842,1,11
559,3,2.1275868491361973,0,13
262,1,4.739455496734172,1,15
295,2,1.1037534249947552,1,4
314,1,1.869709379443317,0,19
291,3,2.9316827912480123,1,19
683,4,2.6073904868167457,1,14
875,0,3.516678924940125,1,8
30,5,1.7708882014415277,0,16
681,3,1.2821880174741254,0,11
43,5,2.477333591219028,1,12
938,2,3.0974209685767238,1,9
554,4,3.2480073483396454,0,6
942,5,3.405974094169867,0,6
133,5,3.1946479830462198,0,7
348,2,1.9830078838847505,0,14
218,3,4.0581989438760075,0,17
449,3,1.3511210469575943,1,0
503,0,1.793415518208732,0,9
85,2,3.9575120360764564,1,18
250,4,2.118904536421007,1,2
264,0,2.973893766437621,0,6
522,2,2.3087909634222354,0,3
79,3,3.0279248464640127,0,4
620,0,2.3866231997894602,1,5
460,3,4.976831959624201,0,9
629,1,2.4299103574325867,1,11
251,1,3.5081976695905817,0,13
17,0,4.55337287060351,1,1
255,0,3.5517399774590017,1,2
244,2,3.2634290204384344,0,0
152,4,3.276917819024833,0,2
608,4,2.985842843693542,1,14
499,1,4.230321605617821,1,15
457,1,1.2016963134455279,0,19
697,1,4.540519631717311,1,1
541,3,3.345168880982571,1,19
114,4,4.395492885022993,0,15
752,0,1.0415708101768342,0,14
768,1,4.477105615846471,1,6
446,5,1.4805500766930675,1,4
352,2,3.8848720255695968,0,4
624,0,2.666085571551375,0,8
846,0,3.7242895643916976,0,13
540,0,3.5127589507094568,1,18
321,4,1.6535861882689673,0,17
458,1,3.058455057790207,1,8
948,2,2.108921892778163,0,2
225,3,3.2417473713920497,0,10
755,2,3.952013132211376,1,14
360,2,1.3250336583273516,0,3
530,5,3.063049694124101,1,4
833,2,3.470519283049034,0,17
111,3,2.1814698143888553,0,11
211,2,4.812013931184028,0,0
232,5,3.081211302027318,0,19
947,2,1.730068359383731,0,1
158,1,1.431153047197136,1,8
571,5,3.166638196661462,1,17
884,1,2.500953524507716,1,4
323,1,1.7701883910735385,0,13
92,0,1.1227939471430983,0,10
247,5,3.26640032015152,0,2
669,2,3.3944009473346477,0,8
140,4,1.567210404725874,1,1
910,4,3.4069521990812173,1,13
403,4,4.807891018830394,0,1
929,3,4.913182439958957,1,9
731,1,4.5539717462280205,0,18
403,1,4.228314323342962,0,1
817,1,1.837471346853325,0,15
600,5,1.6257407299837205,1,5
666,3,2.779790409141418,0,11
413,2,3.4785270052742097,1,6
439,0,4.402714736033512,1,3
232,5,1.9278521645472062,0,7
979,1,2.9185916020813303,1,18
192,2,3.5897609678273836,0,9
98,4,2.7823754181376765,1,0
950,0,2.816774708317137,0,4
112,4,1.9004686441131162,0,5
618,2,4.946643619644304,0,18
535,2,2.9007731336297735,0,17
280,4,3.1309677816219676,0,18
999,5,1.8742371651473162,1,18
948,0,3.0565468733272745,0,0
715,4,2.021398234137227,0,19
522,4,1.8093450055338658,1,10
349,5,2.102889003771738,0,2
315,4,1.011038594021124,0,9
716,0,3.2806044480067356,1,6
942,3,2.549920022091373,0,16
920,0,4.594756076775721,1,15
499,5,1.1628286944500847,1,6
536,4,1.1728012034230004,1,12
912,1,4.543494069250334,0,11
651,1,1.506578568817365,1,11
634,2,1.0086404164960072,0,7
435,3,1.715655454852055,1,7
522,5,4.295504700390417,1,12
777,2,4.210856331040409,1,10
592,2,2.360528843373804,0,0
443,1,3.672123669039408,1,16
821,0,3.028998829343311,0,18
620,2,4.618939959383624,1,12
207,2,1.2256939016696893,1,14
830,3,4.252716514946528,0,11
755,1,1.6823946777098402,1,16
275,0,2.5664835897270373,1,2
496,3,1.7678286057390635,0,6
772,0,3.810457638376556,0,1
296,0,3.713304719013031,1,1
373,2,3.1915904067961076,1,5
574,3,3.792652147214621,1,3
183,2,3.5582591224186952,0,15
31,4,4.105768222737073,0,14
282,0,1.9576266051621949,1,9
835,3,2.715650459762882,0,13
872,1,1.6065061174169148,0,8
431,2,2.718374256880776,1,14
518,4,3.806767005681365,0,6
685,5,3.7655646431374064,0,6
461,4,3.8377076131797714,0,7
870,4,2.235070114577426,0,18
983,2,3.6488558951636954,0,17
367,1,2.4698652783557526,1,16
657,3,4.7779681844201995,0,17
251,0,2.373465463521355,0,18
165,1,3.412072936177552,0,7
614,2,4.000582856768704,0,12
999,5,4.625629716105365,1,10
704,3,2.7517144138156437,1,18
528,0,2.441940432833072,0,6
601,5,2.720112701266356,1,4
370,3,2.2947854061991233,0,4
597,0,3.615697960269256,1,7
102,0,4.730867056034336,0,9
593,4,1.504284025957467,0,4
125,5,3.2436882590806277,1,14
37,5,4.5905949014413245,0,15
347,2,1.4004581786240702,1,9
212,1,2.9754616430651235,0,7
318,4,4.4609183834417845,1,18
997,4,4.601808846848329,1,3
736,3,3.057408644611666,1,13
733,5,1.0998075378708698,1,7
425,0,1.4225567137112867,0,13
246,0,3.346866980964935,0,11
647,3,1.4954344258653798,1,0
285,5,1.5976711076450831,0,18
230,2,4.088468391128456,0,17
319,0,4.0027682343020015,0,11
511,4,4.371091037701888,1,9
520,4,1.4229405460244227,1,0
224,5,1.7925795243872709,0,13
505,0,4.331845719434602,0,8
824,0,3.8843504347911684,1,14
106,2,4.223824511312161,0,13
698,5,4.958982699631688,0,8
732,0,4.457726424622809,0,10
606,2,3.0818530033990412,1,4
706,4,2.2430727391890297,1,11
753,2,3.2787063462988044,1,15
741,0,3.5543462009378097,0,19
330,1,2.3412485650384838,0,2
4,5,4.083748149938714,0,4
862,0,1.371015170631547,1,18
467,1,4.11757140272684,1,4
515,4,1.127994074727794,1,17
775,5,2.9918642428859608,0,3
937,3,4.445745853933065,1,14
764,5,1.3459810960855902,0,4
162,4,3.0709557459766788,0,7
652,4,1.6375657558452654,1,15
900,4,4.579263000243741,0,0
807,2,4.329382108134521,0,4
530,4,4.735668973173951,1,17
81,3,4.499929366120375,0,15
480,0,3.9462132394639626,1,9
892,1,1.7395567823540112,1,3
515,5,2.2100104626756027,1,17
639,5,2.9874206332320297,0,16
186,4,3.3555871260588948,1,12
145,1,4.12873358125284,1,7
151,4,1.9078385127482438,1,7
362,2,1.513109576587853,0,11
92,1,2.9304406823745444,0,17
30,4,1.6313656434916823,0,5
825,4,3.774947209318289,1,6
539,3,3.3025235603668692,1,16
648,3,3.964431188075539,1,4
940,3,1.2537462386204337,0,18
601,2,4.858790241776815,1,7
48,1,1.000022146702952,1,18
878,2,2.301769660054139,0,7
257,0,3.718539173464959,0,18
517,4,1.1805682954484755,1,6
540,4,1.3333983254304278,1,2
409,4,1.3067257489128812,1,5
155,3,3.3260389068839173,0,7
774,4,4.583701260154152,0,17
545,3,3.221747910849048,1,14
439,0,3.4142854091186865,0,16
236,2,2.3840066048319577,0,3
649,2,1.074964634622129,1,6
367,2,1.0864588710048655,1,16
999,3,4.553239865923645,0,5
56,5,1.4102897548785869,0,12
174,5,4.999157487250381,0,6
213,1,1.6576904460451125,0,8
26,5,3.698537775820758,1,18
806,1,4.795821888723623,0,19
917,0,2.449157110568105,1,12
118,1,3.9377327549919574,0,14
146,0,2.4034265737693405,1,16
867,4,2.2197642270457814,0,4
264,2,1.8072163303017557,1,18
402,5,4.283739627595458,1,5
257,3,2.0295482544365915,1,11
859,0,2.1326326516234304,0,14
188,5,4.995878968795109,0,14
826,3,2.309241741781279,0,2
742,3,2.6910979553281957,0,3
981,2,4.960221831099339,1,4
498,4,2.477201381669705,0,5
709,4,2.4646080289434678,1,5
238,1,4.310857864855441,1,16
326,5,2.2477214739507683,0,7
69,4,1.9351444145696286,1,18
928,2,2.692841020701289,1,19
763,5,3.802563202304771,0,12
973,3,1.1729720999170614,0,14
704,0,2.495664108874267,1,16
24,0,2.3849796077833614,0,16
581,4,1.9792733890481302,1,1
155,1,3.61714934361738,0,2
657,0,2.1599603216547094,0,8
830,1,3.426926236032012,1,5
218,0,3.017347365818508,0,0
560,1,1.8687594833035943,0,18
378,1,2.0662642281687265,0,3
891,3,1.6824002132262557,1,12
193,2,1.2265168594038314,1,19
39,0,3.4767538524196464,0,7
596,5,3.6911547756573375,1,4
342,4,1.6639999744346796,1,9
502,2,3.461569538744293,1,19
449,3,4.928338960230312,0,18
335,3,1.2976083797512885,0,11
3,3,2.9614834899954547,0,0
801,4,3.932152854575415,1,8
758,0,1.1840367913189076,1,15
516,0,4.113093975990463,0,16
496,1,4.918044948371543,0,17
225,1,1.3539514541310127,0,13
149,5,4.288919621863702,0,16
237,1,2.514326178048377,1,0
659,4,1.5764648097360472,0,14
102,2,2.972772836785391,1,18
174,0,1.2860749431248628,0,1
460,1,3.088405632668737,0,13
747,4,1.0774271520161984,1,1
33,4,3.9144457666909207,0,14
683,5,2.9518787432463545,0,0
517,1,2.8357586437407223,1,0
439,5,1.7847659749683347,1,11
284,3,2.445052623179063,0,14
224,3,1.7274777296866652,1,17
564,3,3.941560402142957,1,14
256,1,1.796101197732109,0,6
58,4,3.46701330820686,0,11
943,4,2.1184300042710085,0,9
245,0,3.6279287836933087,1,1
518,3,3.1618198356853693,1,1
213,1,2.69375452661088,0,5
927,0,3.692003333641886,0,19
589,4,2.6628882864329166,0,5
700,0,4.285482410300132,0,9
952,3,3.9183938329410637,1,2
818,2,3.1625559780523247,0,15
215,3,4.508242730343988,1,4
402,3,4.315447285872223,1,4
282,1,3.127357578481997,0,9
830,2,1.27379077480319,1,12
955,5,3.263985408796976,1,2
572,2,2.421027958241142,1,17
572,2,3.1604517712149365,0,18
214,4,3.5885218419903735,0,5
381,0,3.5793542994025587,0,19
44,4,3.6940961740720057,0,0
916,5,3.7170745001800594,0,9
171,2,1.4371256748540167,0,9
220,1,1.7668493218291745,1,0
384,5,3.522164018169404,1,18
94,3,2.6326895549241467,1,10
858,3,4.051406581223054,1,12
43,4,1.4996371290513286,1,16
227,5,1.7660919776821573,1,19
573,4,3.233858569745892,1,17
316,1,3.0029920770715948,1,3
730,3,2.06558861590676,0,14
334,4,2.633372974020634,0,1
600,0,1.1399251122266123,1,5
623,4,1.1481524319774965,1,8
718,4,1.3797080112994866,0,10
999,2,3.307169812802242,0,19
466,0,4.454865658452615,0,15
878,0,2.0408931570383,1,7
817,1,1.135759318893681,1,16
714,2,3.83450840820925,0,3
296,0,4.421408956020266,1,6
544,2,1.552691141052407,1,10
488,2,2.5429907837616006,0,10
214,3,1.634947362360819,0,10
523,0,1.4254297224374608,0,14
1,3,3.592674153897498,1,4
874,4,4.870145904712525,0,5
660,4,3.712662502483049,0,4
653,3,4.939258651230473,0,8
801,4,2.7375811042811655,1,10
206,3,4.5914791553094405,1,2
340,1,1.8203368986652184,1,19
703,2,1.4716174680431724,0,3
406,1,3.810080203649745,1,14
852,0,2.485633323450543,1,17
305,1,2.2707504109884065,0,4
506,1,3.6851223119906322,1,10
909,4,2.3339361670779524,1,10
468,5,3.2902326889940854,1,3
763,5,2.1978204250452174,1,15
715,3,4.135030352845005,1,10
873,0,2.2495533619812615,1,0
557,5,3.1399765779848807,1,12
885,4,1.092704334788047,1,18
494,0,4.166923133433571,0,5
260,2,3.481351099287904,0,19
577,3,1.7689482679715827,0,18
661,4,1.8614935043641005,0,5
581,1,2.049971674019288,0,12
363,2,3.3061204183822475,0,10
513,1,3.193265332372092,0,18
540,5,2.0954548785675575,1,6
767,0,3.7762491679080146,1,11
572,2,4.556164663734925,1,15
611,4,1.1740619106141539,1,0
895,1,2.668786551290726,1,14
454,5,3.3740804741792396,0,12
143,1,3.3457408141479976,0,9
191,0,1.078141387958043,1,17
864,0,1.8422642633944202,1,3
352,5,1.2473228852484861,1,5
781,3,3.2758602901997365,0,7
298,5,3.5815595506778686,0,19
459,3,1.6389686536939103,1,8
426,5,2.3320444773682905,0,7
837,5,2.319214973504084,1,17
822,0,4.279209326359133,1,6
715,3,1.7786376181165333,0,18
756,5,3.193256485302634,1,17
30,1,4.131742050003537,0,0
331,0,4.318312771588191,1,10
969,2,3.666264377138932,1,8
935,0,2.1981110090475315,0,9
410,5,4.292186299315425,0,9
51,4,3.9686641084005063,0,0
383,4,3.817876535317077,1,16
242,0,1.2693415955400287,1,11
774,2,1.1730595226061982,1,11
685,0,3.781461190806318,1,18
611,2,4.779179204935723,1,16
416,5,4.094895712252077,0,6
474,1,4.325902265974754,0,10
391,1,3.1799291233991616,1,1
388,2,2.2183445763522958,0,15
572,3,3.710947587067537,0,8
967,1,3.8478835019707702,1,9
871,4,3.7014318867760276,0,9
699,0,4.786836226877282,1,2
468,5,2.468716133058226,1,16
407,3,1.158630155823134,0,13
518,4,4.633777411029637,0,18
188,0,1.6419964754163252,1,17
594,4,3.78927335754973,1,17
350,3,4.492817759090737,1,13
931,2,2.2405655920585406,0,2
282,0,4.321660963419706,1,9
635,4,2.3282325050857766,1,12
156,5,4.1770317129449985,1,11
598,5,1.279319451894903,1,8
147,4,3.620971994683711,0,9
69,3,3.7085523223151844,1,18
971,3,2.9657033203238257,0,15
369,5,3.748363455450843,1,2
587,5,4.692734682215364,1,11
625,3,3.935419299872912,1,7
514,2,4.84518411593864,1,14
233,1,2.794449255408287,0,10
678,4,3.1131629268158285,0,12
610,2,2.0549547889508273,0,5
635,4,4.942406671203473,1,12
466,5,1.2205469406450895,1,10
556,2,2.434481670467241,0,5
893,5,2.1907886590744514,0,5
835,5,2.5460468525122217,0,4
286,5,4.670871442079463,1,6
617,0,2.4721514962740594,1,18
293,1,4.667906610800002,0,10
480,5,2.6933554466528107,0,5
133,4,4.419075076880834,0,8
7,3,3.087000394002675,1,19
27,1,2.2454113737132597,1,17
782,4,2.797399195871549,1,7
734,0,2.6975243159128137,1,17
519,5,2.0396562483422036,1,4
309,4,2.158554919967627,0,5
645,4,1.7458156852442177,0,1
540,4,2.3440022288304334,1,3
626,1,3.497623212996684,0,18
493,5,2.546232674838525,1,3
33,4,3.849292843705169,0,15
6,3,4.947912678751813,0,0
39,5,2.50840431793794,0,15
329,2,2.850556856358468,1,0
908,3,1.6564406277923904,0,16
61,0,2.5688611431172643,1,4
85,1,3.9073298031627175,0,15
724,2,1.8696191989698514,0,2
115,1,1.728216194620917,0,9
576,1,2.505499494596767,0,17
296,4,4.274597942870926,0,17
378,3,3.4946287588459337,0,16
681,2,4.8303175103464255,1,10
627,4,4.6181617397105015,1,8
321,2,1.6045487872929693,1,10
627,5,1.1702110984288585,1,8
732,5,2.5963789367790167,1,16
394,3,3.0883179152745583,1,19
356,4,3.062282460874858,0,4
561,2,1.5364290710842212,0,11
838,5,1.4992697286184415,0,17
418,4,1.1874430231168147,1,15
477,1,4.403439704221602,1,8
335,5,4.790976552272715,0,7
590,0,1.4627400808718867,0,5
999,2,1.8524894741964464,0,16
19,5,1.3594515389396413,0,13
411,3,4.51000868456334,1,13
890,2,4.834834934144964,0,3
548,0,2.0471863068835603,1,7
258,2,2.2143353197414997,1,16
604,2,2.4506787376517583,0,0
698,5,3.009855037522925,1,2
356,2,3.7298439145797073,1,16
200,3,3.0175623330184966,0,19
410,0,4.804006326704965,1,2
287,5,1.3995738340859947,1,6
47,0,4.194422049100252,0,10
764,3,2.337932363253884,0,14
557,2,2.5101907523461904,0,6
369,2,3.8353177748409015,0,4
230,5,4.717508439497516,0,16
94,0,3.864803114214307,1,4
302,2,4.103442301517587,0,0
217,1,4.0031169686351955,0,6
551,2,2.2839144239348994,1,16
386,2,4.027721732728992,1,7
714,4,4.138083040879207,1,11
627,0,3.133601282602051,0,1
924,0,3.1470249546672653,0,16
90,1,4.038883212249935,0,19
57,1,4.268123448897629,1,13
433,1,2.3487817681226817,0,2
521,0,4.206248870301163,1,18
767,4,4.256836026701645,1,13
828,4,1.9365025636743174,1,7
760,3,3.867802981266864,1,6
482,0,1.7461356873446334,1,4
366,3,1.372196451952517,1,2
888,2,3.2981720482009105,0,0
828,1,4.634608795133596,1,18
406,3,1.141836094103053,0,14
517,5,4.306006550379687,1,0
330,3,3.0258848428140266,1,4
699,0,4.44358179488492,1,19
234,1,4.373907740684187,1,10
882,1,4.501147219265155,1,13
410,4,4.075495819226694,1,17
182,3,4.37196941818798,1,19
286,4,1.7041008288048145,0,8
122,3,2.2154125954997665,1,14
157,0,1.9699446832291856,0,10
322,0,3.969713214912242,1,4
12,2,1.6145724774685437,1,14
826,3,1.7289111615111543,0,1
565,3,4.51585888288777,0,11
871,1,3.8235287716513526,1,6
788,1,4.501519911676347,0,1
554,4,1.557421033042762,1,7
778,2,2.5959216182452094,0,8
620,0,2.1326046803052705,0,4
834,3,1.038724341118598,0,14
677,4,2.1380918417548274,0,18
862,2,2.518333007911518,0,18
919,1,1.3688785489708475,1,12
617,2,3.2659502313072792,0,12
562,4,2.5326906498905326,0,5
203,0,1.1858466491101818,0,0
956,1,3.815915459471907,1,9
301,5,3.917119335364414,1,5
